"country","state","county","pais","entidad","municipio","var_outcome","var_resultado","population","date","new_cases","cum_cases","time_cases","time_stamp"
"Mexico","MCMA","MCMA","México","ZMVM","ZMVM","Symptoms","Síntomas",21942666,2020-02-19,1,1,0,2020-05-24
"Mexico","MCMA","MCMA","México","ZMVM","ZMVM","Symptoms","Síntomas",21942666,2020-02-20,0,1,1,2020-05-24
"Mexico","MCMA","MCMA","México","ZMVM","ZMVM","Symptoms","Síntomas",21942666,2020-02-21,1,2,2,2020-05-24
"Mexico","MCMA","MCMA","México","ZMVM","ZMVM","Symptoms","Síntomas",21942666,2020-02-22,1,3,3,2020-05-24
"Mexico","MCMA","MCMA","México","ZMVM","ZMVM","Symptoms","Síntomas",21942666,2020-02-23,1,4,4,2020-05-24
"Mexico","MCMA","MCMA","México","ZMVM","ZMVM","Symptoms","Síntomas",21942666,2020-02-24,0,4,5,2020-05-24
"Mexico","MCMA","MCMA","México","ZMVM","ZMVM","Symptoms","Síntomas",21942666,2020-02-25,0,4,6,2020-05-24
"Mexico","MCMA","MCMA","México","ZMVM","ZMVM","Symptoms","Síntomas",21942666,2020-02-26,1,5,7,2020-05-24
"Mexico","MCMA","MCMA","México","ZMVM","ZMVM","Symptoms","Síntomas",21942666,2020-02-27,1,6,8,2020-05-24
"Mexico","MCMA","MCMA","México","ZMVM","ZMVM","Symptoms","Síntomas",21942666,2020-02-28,2,8,9,2020-05-24
"Mexico","MCMA","MCMA","México","ZMVM","ZMVM","Symptoms","Síntomas",21942666,2020-02-29,2,10,10,2020-05-24
"Mexico","MCMA","MCMA","México","ZMVM","ZMVM","Symptoms","Síntomas",21942666,2020-03-01,2,12,11,2020-05-24
"Mexico","MCMA","MCMA","México","ZMVM","ZMVM","Symptoms","Síntomas",21942666,2020-03-02,7,19,12,2020-05-24
"Mexico","MCMA","MCMA","México","ZMVM","ZMVM","Symptoms","Síntomas",21942666,2020-03-03,5,24,13,2020-05-24
"Mexico","MCMA","MCMA","México","ZMVM","ZMVM","Symptoms","Síntomas",21942666,2020-03-04,4,28,14,2020-05-24
"Mexico","MCMA","MCMA","México","ZMVM","ZMVM","Symptoms","Síntomas",21942666,2020-03-05,3,31,15,2020-05-24
"Mexico","MCMA","MCMA","México","ZMVM","ZMVM","Symptoms","Síntomas",21942666,2020-03-06,6,37,16,2020-05-24
"Mexico","MCMA","MCMA","México","ZMVM","ZMVM","Symptoms","Síntomas",21942666,2020-03-07,13,50,17,2020-05-24
"Mexico","MCMA","MCMA","México","ZMVM","ZMVM","Symptoms","Síntomas",21942666,2020-03-08,8,58,18,2020-05-24
"Mexico","MCMA","MCMA","México","ZMVM","ZMVM","Symptoms","Síntomas",21942666,2020-03-09,30,88,19,2020-05-24
"Mexico","MCMA","MCMA","México","ZMVM","ZMVM","Symptoms","Síntomas",21942666,2020-03-10,24,112,20,2020-05-24
"Mexico","MCMA","MCMA","México","ZMVM","ZMVM","Symptoms","Síntomas",21942666,2020-03-11,23,135,21,2020-05-24
"Mexico","MCMA","MCMA","México","ZMVM","ZMVM","Symptoms","Síntomas",21942666,2020-03-12,22,157,22,2020-05-24
"Mexico","MCMA","MCMA","México","ZMVM","ZMVM","Symptoms","Síntomas",21942666,2020-03-13,39,196,23,2020-05-24
"Mexico","MCMA","MCMA","México","ZMVM","ZMVM","Symptoms","Síntomas",21942666,2020-03-14,42,238,24,2020-05-24
"Mexico","MCMA","MCMA","México","ZMVM","ZMVM","Symptoms","Síntomas",21942666,2020-03-15,46,284,25,2020-05-24
"Mexico","MCMA","MCMA","México","ZMVM","ZMVM","Symptoms","Síntomas",21942666,2020-03-16,60,344,26,2020-05-24
"Mexico","MCMA","MCMA","México","ZMVM","ZMVM","Symptoms","Síntomas",21942666,2020-03-17,34,378,27,2020-05-24
"Mexico","MCMA","MCMA","México","ZMVM","ZMVM","Symptoms","Síntomas",21942666,2020-03-18,34,412,28,2020-05-24
"Mexico","MCMA","MCMA","México","ZMVM","ZMVM","Symptoms","Síntomas",21942666,2020-03-19,42,454,29,2020-05-24
"Mexico","MCMA","MCMA","México","ZMVM","ZMVM","Symptoms","Síntomas",21942666,2020-03-20,70,524,30,2020-05-24
"Mexico","MCMA","MCMA","México","ZMVM","ZMVM","Symptoms","Síntomas",21942666,2020-03-21,38,562,31,2020-05-24
"Mexico","MCMA","MCMA","México","ZMVM","ZMVM","Symptoms","Síntomas",21942666,2020-03-22,46,608,32,2020-05-24
"Mexico","MCMA","MCMA","México","ZMVM","ZMVM","Symptoms","Síntomas",21942666,2020-03-23,75,683,33,2020-05-24
"Mexico","MCMA","MCMA","México","ZMVM","ZMVM","Symptoms","Síntomas",21942666,2020-03-24,68,751,34,2020-05-24
"Mexico","MCMA","MCMA","México","ZMVM","ZMVM","Symptoms","Síntomas",21942666,2020-03-25,81,832,35,2020-05-24
"Mexico","MCMA","MCMA","México","ZMVM","ZMVM","Symptoms","Síntomas",21942666,2020-03-26,121,953,36,2020-05-24
"Mexico","MCMA","MCMA","México","ZMVM","ZMVM","Symptoms","Síntomas",21942666,2020-03-27,102,1055,37,2020-05-24
"Mexico","MCMA","MCMA","México","ZMVM","ZMVM","Symptoms","Síntomas",21942666,2020-03-28,87,1142,38,2020-05-24
"Mexico","MCMA","MCMA","México","ZMVM","ZMVM","Symptoms","Síntomas",21942666,2020-03-29,86,1228,39,2020-05-24
"Mexico","MCMA","MCMA","México","ZMVM","ZMVM","Symptoms","Síntomas",21942666,2020-03-30,158,1386,40,2020-05-24
"Mexico","MCMA","MCMA","México","ZMVM","ZMVM","Symptoms","Síntomas",21942666,2020-03-31,117,1503,41,2020-05-24
"Mexico","MCMA","MCMA","México","ZMVM","ZMVM","Symptoms","Síntomas",21942666,2020-04-01,196,1699,42,2020-05-24
"Mexico","MCMA","MCMA","México","ZMVM","ZMVM","Symptoms","Síntomas",21942666,2020-04-02,162,1861,43,2020-05-24
"Mexico","MCMA","MCMA","México","ZMVM","ZMVM","Symptoms","Síntomas",21942666,2020-04-03,167,2028,44,2020-05-24
"Mexico","MCMA","MCMA","México","ZMVM","ZMVM","Symptoms","Síntomas",21942666,2020-04-04,187,2215,45,2020-05-24
"Mexico","MCMA","MCMA","México","ZMVM","ZMVM","Symptoms","Síntomas",21942666,2020-04-05,177,2392,46,2020-05-24
"Mexico","MCMA","MCMA","México","ZMVM","ZMVM","Symptoms","Síntomas",21942666,2020-04-06,244,2636,47,2020-05-24
"Mexico","MCMA","MCMA","México","ZMVM","ZMVM","Symptoms","Síntomas",21942666,2020-04-07,209,2845,48,2020-05-24
"Mexico","MCMA","MCMA","México","ZMVM","ZMVM","Symptoms","Síntomas",21942666,2020-04-08,253,3098,49,2020-05-24
"Mexico","MCMA","MCMA","México","ZMVM","ZMVM","Symptoms","Síntomas",21942666,2020-04-09,270,3368,50,2020-05-24
"Mexico","MCMA","MCMA","México","ZMVM","ZMVM","Symptoms","Síntomas",21942666,2020-04-10,443,3811,51,2020-05-24
"Mexico","MCMA","MCMA","México","ZMVM","ZMVM","Symptoms","Síntomas",21942666,2020-04-11,314,4125,52,2020-05-24
"Mexico","MCMA","MCMA","México","ZMVM","ZMVM","Symptoms","Síntomas",21942666,2020-04-12,336,4461,53,2020-05-24
"Mexico","MCMA","MCMA","México","ZMVM","ZMVM","Symptoms","Síntomas",21942666,2020-04-13,433,4894,54,2020-05-24
"Mexico","MCMA","MCMA","México","ZMVM","ZMVM","Symptoms","Síntomas",21942666,2020-04-14,406,5300,55,2020-05-24
"Mexico","MCMA","MCMA","México","ZMVM","ZMVM","Symptoms","Síntomas",21942666,2020-04-15,531,5831,56,2020-05-24
"Mexico","MCMA","MCMA","México","ZMVM","ZMVM","Symptoms","Síntomas",21942666,2020-04-16,489,6320,57,2020-05-24
"Mexico","MCMA","MCMA","México","ZMVM","ZMVM","Symptoms","Síntomas",21942666,2020-04-17,566,6886,58,2020-05-24
"Mexico","MCMA","MCMA","México","ZMVM","ZMVM","Symptoms","Síntomas",21942666,2020-04-18,592,7478,59,2020-05-24
"Mexico","MCMA","MCMA","México","ZMVM","ZMVM","Symptoms","Síntomas",21942666,2020-04-19,548,8026,60,2020-05-24
"Mexico","MCMA","MCMA","México","ZMVM","ZMVM","Symptoms","Síntomas",21942666,2020-04-20,854,8880,61,2020-05-24
"Mexico","MCMA","MCMA","México","ZMVM","ZMVM","Symptoms","Síntomas",21942666,2020-04-21,564,9444,62,2020-05-24
"Mexico","MCMA","MCMA","México","ZMVM","ZMVM","Symptoms","Síntomas",21942666,2020-04-22,565,10009,63,2020-05-24
"Mexico","MCMA","MCMA","México","ZMVM","ZMVM","Symptoms","Síntomas",21942666,2020-04-23,618,10627,64,2020-05-24
"Mexico","MCMA","MCMA","México","ZMVM","ZMVM","Symptoms","Síntomas",21942666,2020-04-24,671,11298,65,2020-05-24
"Mexico","MCMA","MCMA","México","ZMVM","ZMVM","Symptoms","Síntomas",21942666,2020-04-25,702,12000,66,2020-05-24
"Mexico","MCMA","MCMA","México","ZMVM","ZMVM","Symptoms","Síntomas",21942666,2020-04-26,628,12628,67,2020-05-24
"Mexico","MCMA","MCMA","México","ZMVM","ZMVM","Symptoms","Síntomas",21942666,2020-04-27,775,13403,68,2020-05-24
"Mexico","MCMA","MCMA","México","ZMVM","ZMVM","Symptoms","Síntomas",21942666,2020-04-28,707,14110,69,2020-05-24
"Mexico","MCMA","MCMA","México","ZMVM","ZMVM","Symptoms","Síntomas",21942666,2020-04-29,578,14688,70,2020-05-24
"Mexico","MCMA","MCMA","México","ZMVM","ZMVM","Symptoms","Síntomas",21942666,2020-04-30,795,15483,71,2020-05-24
"Mexico","MCMA","MCMA","México","ZMVM","ZMVM","Symptoms","Síntomas",21942666,2020-05-01,1165,16648,72,2020-05-24
"Mexico","MCMA","MCMA","México","ZMVM","ZMVM","Symptoms","Síntomas",21942666,2020-05-02,716,17364,73,2020-05-24
"Mexico","MCMA","MCMA","México","ZMVM","ZMVM","Symptoms","Síntomas",21942666,2020-05-03,730,18094,74,2020-05-24
"Mexico","MCMA","MCMA","México","ZMVM","ZMVM","Symptoms","Síntomas",21942666,2020-05-04,932,19026,75,2020-05-24
"Mexico","MCMA","MCMA","México","ZMVM","ZMVM","Symptoms","Síntomas",21942666,2020-05-05,848,19874,76,2020-05-24
"Mexico","MCMA","MCMA","México","ZMVM","ZMVM","Symptoms","Síntomas",21942666,2020-05-06,811,20685,77,2020-05-24
"Mexico","MCMA","MCMA","México","ZMVM","ZMVM","Symptoms","Síntomas",21942666,2020-05-07,855,21540,78,2020-05-24
"Mexico","MCMA","MCMA","México","ZMVM","ZMVM","Symptoms","Síntomas",21942666,2020-05-08,935,22475,79,2020-05-24
"Mexico","MCMA","MCMA","México","ZMVM","ZMVM","Symptoms","Síntomas",21942666,2020-05-09,801,23276,80,2020-05-24
"Mexico","MCMA","MCMA","México","ZMVM","ZMVM","Symptoms","Síntomas",21942666,2020-05-10,1037,24313,81,2020-05-24
"Mexico","MCMA","MCMA","México","ZMVM","ZMVM","Symptoms","Síntomas",21942666,2020-05-11,830,25143,82,2020-05-24
"Mexico","MCMA","MCMA","México","ZMVM","ZMVM","Symptoms","Síntomas",21942666,2020-05-12,654,25797,83,2020-05-24
"Mexico","MCMA","MCMA","México","ZMVM","ZMVM","Symptoms","Síntomas",21942666,2020-05-13,592,26389,84,2020-05-24
"Mexico","MCMA","MCMA","México","ZMVM","ZMVM","Symptoms","Síntomas",21942666,2020-05-14,531,26920,85,2020-05-24
"Mexico","MCMA","MCMA","México","ZMVM","ZMVM","Symptoms","Síntomas",21942666,2020-05-15,715,27635,86,2020-05-24
"Mexico","MCMA","MCMA","México","ZMVM","ZMVM","Symptoms","Síntomas",21942666,2020-05-16,506,28141,87,2020-05-24
"Mexico","MCMA","MCMA","México","ZMVM","ZMVM","Symptoms","Síntomas",21942666,2020-05-17,396,28537,88,2020-05-24
"Mexico","MCMA","MCMA","México","ZMVM","ZMVM","Symptoms","Síntomas",21942666,2020-05-18,426,28963,89,2020-05-24
"Mexico","MCMA","MCMA","México","ZMVM","ZMVM","Symptoms","Síntomas",21942666,2020-05-19,239,29202,90,2020-05-24
"Mexico","MCMA","MCMA","México","ZMVM","ZMVM","Symptoms","Síntomas",21942666,2020-05-20,177,29379,91,2020-05-24
"Mexico","MCMA","MCMA","México","ZMVM","ZMVM","Symptoms","Síntomas",21942666,2020-05-21,71,29450,92,2020-05-24
"Mexico","MCMA","MCMA","México","ZMVM","ZMVM","Symptoms","Síntomas",21942666,2020-05-22,21,29471,93,2020-05-24
"Mexico","MCMA","MCMA","México","ZMVM","ZMVM","Confirmed","Confirmados",21942666,2020-02-27,3,3,0,2020-05-24
"Mexico","MCMA","MCMA","México","ZMVM","ZMVM","Confirmed","Confirmados",21942666,2020-02-28,1,4,1,2020-05-24
"Mexico","MCMA","MCMA","México","ZMVM","ZMVM","Confirmed","Confirmados",21942666,2020-02-29,0,4,2,2020-05-24
"Mexico","MCMA","MCMA","México","ZMVM","ZMVM","Confirmed","Confirmados",21942666,2020-03-01,0,4,3,2020-05-24
"Mexico","MCMA","MCMA","México","ZMVM","ZMVM","Confirmed","Confirmados",21942666,2020-03-02,2,6,4,2020-05-24
"Mexico","MCMA","MCMA","México","ZMVM","ZMVM","Confirmed","Confirmados",21942666,2020-03-03,0,6,5,2020-05-24
"Mexico","MCMA","MCMA","México","ZMVM","ZMVM","Confirmed","Confirmados",21942666,2020-03-04,2,8,6,2020-05-24
"Mexico","MCMA","MCMA","México","ZMVM","ZMVM","Confirmed","Confirmados",21942666,2020-03-05,1,9,7,2020-05-24
"Mexico","MCMA","MCMA","México","ZMVM","ZMVM","Confirmed","Confirmados",21942666,2020-03-06,0,9,8,2020-05-24
"Mexico","MCMA","MCMA","México","ZMVM","ZMVM","Confirmed","Confirmados",21942666,2020-03-07,1,10,9,2020-05-24
"Mexico","MCMA","MCMA","México","ZMVM","ZMVM","Confirmed","Confirmados",21942666,2020-03-08,3,13,10,2020-05-24
"Mexico","MCMA","MCMA","México","ZMVM","ZMVM","Confirmed","Confirmados",21942666,2020-03-09,1,14,11,2020-05-24
"Mexico","MCMA","MCMA","México","ZMVM","ZMVM","Confirmed","Confirmados",21942666,2020-03-10,5,19,12,2020-05-24
"Mexico","MCMA","MCMA","México","ZMVM","ZMVM","Confirmed","Confirmados",21942666,2020-03-11,14,33,13,2020-05-24
"Mexico","MCMA","MCMA","México","ZMVM","ZMVM","Confirmed","Confirmados",21942666,2020-03-12,20,53,14,2020-05-24
"Mexico","MCMA","MCMA","México","ZMVM","ZMVM","Confirmed","Confirmados",21942666,2020-03-13,34,87,15,2020-05-24
"Mexico","MCMA","MCMA","México","ZMVM","ZMVM","Confirmed","Confirmados",21942666,2020-03-14,25,112,16,2020-05-24
"Mexico","MCMA","MCMA","México","ZMVM","ZMVM","Confirmed","Confirmados",21942666,2020-03-15,20,132,17,2020-05-24
"Mexico","MCMA","MCMA","México","ZMVM","ZMVM","Confirmed","Confirmados",21942666,2020-03-16,31,163,18,2020-05-24
"Mexico","MCMA","MCMA","México","ZMVM","ZMVM","Confirmed","Confirmados",21942666,2020-03-17,41,204,19,2020-05-24
"Mexico","MCMA","MCMA","México","ZMVM","ZMVM","Confirmed","Confirmados",21942666,2020-03-18,37,241,20,2020-05-24
"Mexico","MCMA","MCMA","México","ZMVM","ZMVM","Confirmed","Confirmados",21942666,2020-03-19,48,289,21,2020-05-24
"Mexico","MCMA","MCMA","México","ZMVM","ZMVM","Confirmed","Confirmados",21942666,2020-03-20,30,319,22,2020-05-24
"Mexico","MCMA","MCMA","México","ZMVM","ZMVM","Confirmed","Confirmados",21942666,2020-03-21,16,335,23,2020-05-24
"Mexico","MCMA","MCMA","México","ZMVM","ZMVM","Confirmed","Confirmados",21942666,2020-03-22,16,351,24,2020-05-24
"Mexico","MCMA","MCMA","México","ZMVM","ZMVM","Confirmed","Confirmados",21942666,2020-03-23,36,387,25,2020-05-24
"Mexico","MCMA","MCMA","México","ZMVM","ZMVM","Confirmed","Confirmados",21942666,2020-03-24,54,441,26,2020-05-24
"Mexico","MCMA","MCMA","México","ZMVM","ZMVM","Confirmed","Confirmados",21942666,2020-03-25,46,487,27,2020-05-24
"Mexico","MCMA","MCMA","México","ZMVM","ZMVM","Confirmed","Confirmados",21942666,2020-03-26,73,560,28,2020-05-24
"Mexico","MCMA","MCMA","México","ZMVM","ZMVM","Confirmed","Confirmados",21942666,2020-03-27,74,634,29,2020-05-24
"Mexico","MCMA","MCMA","México","ZMVM","ZMVM","Confirmed","Confirmados",21942666,2020-03-28,75,709,30,2020-05-24
"Mexico","MCMA","MCMA","México","ZMVM","ZMVM","Confirmed","Confirmados",21942666,2020-03-29,52,761,31,2020-05-24
"Mexico","MCMA","MCMA","México","ZMVM","ZMVM","Confirmed","Confirmados",21942666,2020-03-30,125,886,32,2020-05-24
"Mexico","MCMA","MCMA","México","ZMVM","ZMVM","Confirmed","Confirmados",21942666,2020-03-31,80,966,33,2020-05-24
"Mexico","MCMA","MCMA","México","ZMVM","ZMVM","Confirmed","Confirmados",21942666,2020-04-01,101,1067,34,2020-05-24
"Mexico","MCMA","MCMA","México","ZMVM","ZMVM","Confirmed","Confirmados",21942666,2020-04-02,116,1183,35,2020-05-24
"Mexico","MCMA","MCMA","México","ZMVM","ZMVM","Confirmed","Confirmados",21942666,2020-04-03,123,1306,36,2020-05-24
"Mexico","MCMA","MCMA","México","ZMVM","ZMVM","Confirmed","Confirmados",21942666,2020-04-04,89,1395,37,2020-05-24
"Mexico","MCMA","MCMA","México","ZMVM","ZMVM","Confirmed","Confirmados",21942666,2020-04-05,90,1485,38,2020-05-24
"Mexico","MCMA","MCMA","México","ZMVM","ZMVM","Confirmed","Confirmados",21942666,2020-04-06,191,1676,39,2020-05-24
"Mexico","MCMA","MCMA","México","ZMVM","ZMVM","Confirmed","Confirmados",21942666,2020-04-07,193,1869,40,2020-05-24
"Mexico","MCMA","MCMA","México","ZMVM","ZMVM","Confirmed","Confirmados",21942666,2020-04-08,207,2076,41,2020-05-24
"Mexico","MCMA","MCMA","México","ZMVM","ZMVM","Confirmed","Confirmados",21942666,2020-04-09,177,2253,42,2020-05-24
"Mexico","MCMA","MCMA","México","ZMVM","ZMVM","Confirmed","Confirmados",21942666,2020-04-10,229,2482,43,2020-05-24
"Mexico","MCMA","MCMA","México","ZMVM","ZMVM","Confirmed","Confirmados",21942666,2020-04-11,181,2663,44,2020-05-24
"Mexico","MCMA","MCMA","México","ZMVM","ZMVM","Confirmed","Confirmados",21942666,2020-04-12,189,2852,45,2020-05-24
"Mexico","MCMA","MCMA","México","ZMVM","ZMVM","Confirmed","Confirmados",21942666,2020-04-13,385,3237,46,2020-05-24
"Mexico","MCMA","MCMA","México","ZMVM","ZMVM","Confirmed","Confirmados",21942666,2020-04-14,389,3626,47,2020-05-24
"Mexico","MCMA","MCMA","México","ZMVM","ZMVM","Confirmed","Confirmados",21942666,2020-04-15,386,4012,48,2020-05-24
"Mexico","MCMA","MCMA","México","ZMVM","ZMVM","Confirmed","Confirmados",21942666,2020-04-16,416,4428,49,2020-05-24
"Mexico","MCMA","MCMA","México","ZMVM","ZMVM","Confirmed","Confirmados",21942666,2020-04-17,457,4885,50,2020-05-24
"Mexico","MCMA","MCMA","México","ZMVM","ZMVM","Confirmed","Confirmados",21942666,2020-04-18,326,5211,51,2020-05-24
"Mexico","MCMA","MCMA","México","ZMVM","ZMVM","Confirmed","Confirmados",21942666,2020-04-19,321,5532,52,2020-05-24
"Mexico","MCMA","MCMA","México","ZMVM","ZMVM","Confirmed","Confirmados",21942666,2020-04-20,654,6186,53,2020-05-24
"Mexico","MCMA","MCMA","México","ZMVM","ZMVM","Confirmed","Confirmados",21942666,2020-04-21,659,6845,54,2020-05-24
"Mexico","MCMA","MCMA","México","ZMVM","ZMVM","Confirmed","Confirmados",21942666,2020-04-22,611,7456,55,2020-05-24
"Mexico","MCMA","MCMA","México","ZMVM","ZMVM","Confirmed","Confirmados",21942666,2020-04-23,569,8025,56,2020-05-24
"Mexico","MCMA","MCMA","México","ZMVM","ZMVM","Confirmed","Confirmados",21942666,2020-04-24,771,8796,57,2020-05-24
"Mexico","MCMA","MCMA","México","ZMVM","ZMVM","Confirmed","Confirmados",21942666,2020-04-25,404,9200,58,2020-05-24
"Mexico","MCMA","MCMA","México","ZMVM","ZMVM","Confirmed","Confirmados",21942666,2020-04-26,390,9590,59,2020-05-24
"Mexico","MCMA","MCMA","México","ZMVM","ZMVM","Confirmed","Confirmados",21942666,2020-04-27,764,10354,60,2020-05-24
"Mexico","MCMA","MCMA","México","ZMVM","ZMVM","Confirmed","Confirmados",21942666,2020-04-28,815,11169,61,2020-05-24
"Mexico","MCMA","MCMA","México","ZMVM","ZMVM","Confirmed","Confirmados",21942666,2020-04-29,813,11982,62,2020-05-24
"Mexico","MCMA","MCMA","México","ZMVM","ZMVM","Confirmed","Confirmados",21942666,2020-04-30,741,12723,63,2020-05-24
"Mexico","MCMA","MCMA","México","ZMVM","ZMVM","Confirmed","Confirmados",21942666,2020-05-01,520,13243,64,2020-05-24
"Mexico","MCMA","MCMA","México","ZMVM","ZMVM","Confirmed","Confirmados",21942666,2020-05-02,482,13725,65,2020-05-24
"Mexico","MCMA","MCMA","México","ZMVM","ZMVM","Confirmed","Confirmados",21942666,2020-05-03,455,14180,66,2020-05-24
"Mexico","MCMA","MCMA","México","ZMVM","ZMVM","Confirmed","Confirmados",21942666,2020-05-04,1066,15246,67,2020-05-24
"Mexico","MCMA","MCMA","México","ZMVM","ZMVM","Confirmed","Confirmados",21942666,2020-05-05,793,16039,68,2020-05-24
"Mexico","MCMA","MCMA","México","ZMVM","ZMVM","Confirmed","Confirmados",21942666,2020-05-06,900,16939,69,2020-05-24
"Mexico","MCMA","MCMA","México","ZMVM","ZMVM","Confirmed","Confirmados",21942666,2020-05-07,974,17913,70,2020-05-24
"Mexico","MCMA","MCMA","México","ZMVM","ZMVM","Confirmed","Confirmados",21942666,2020-05-08,998,18911,71,2020-05-24
"Mexico","MCMA","MCMA","México","ZMVM","ZMVM","Confirmed","Confirmados",21942666,2020-05-09,485,19396,72,2020-05-24
"Mexico","MCMA","MCMA","México","ZMVM","ZMVM","Confirmed","Confirmados",21942666,2020-05-10,450,19846,73,2020-05-24
"Mexico","MCMA","MCMA","México","ZMVM","ZMVM","Confirmed","Confirmados",21942666,2020-05-11,1078,20924,74,2020-05-24
"Mexico","MCMA","MCMA","México","ZMVM","ZMVM","Confirmed","Confirmados",21942666,2020-05-12,1019,21943,75,2020-05-24
"Mexico","MCMA","MCMA","México","ZMVM","ZMVM","Confirmed","Confirmados",21942666,2020-05-13,1032,22975,76,2020-05-24
"Mexico","MCMA","MCMA","México","ZMVM","ZMVM","Confirmed","Confirmados",21942666,2020-05-14,870,23845,77,2020-05-24
"Mexico","MCMA","MCMA","México","ZMVM","ZMVM","Confirmed","Confirmados",21942666,2020-05-15,1011,24856,78,2020-05-24
"Mexico","MCMA","MCMA","México","ZMVM","ZMVM","Confirmed","Confirmados",21942666,2020-05-16,525,25381,79,2020-05-24
"Mexico","MCMA","MCMA","México","ZMVM","ZMVM","Confirmed","Confirmados",21942666,2020-05-17,380,25761,80,2020-05-24
"Mexico","MCMA","MCMA","México","ZMVM","ZMVM","Confirmed","Confirmados",21942666,2020-05-18,1047,26808,81,2020-05-24
"Mexico","MCMA","MCMA","México","ZMVM","ZMVM","Confirmed","Confirmados",21942666,2020-05-19,932,27740,82,2020-05-24
"Mexico","MCMA","MCMA","México","ZMVM","ZMVM","Confirmed","Confirmados",21942666,2020-05-20,848,28588,83,2020-05-24
"Mexico","MCMA","MCMA","México","ZMVM","ZMVM","Confirmed","Confirmados",21942666,2020-05-21,600,29188,84,2020-05-24
"Mexico","MCMA","MCMA","México","ZMVM","ZMVM","Confirmed","Confirmados",21942666,2020-05-22,280,29468,85,2020-05-24
"Mexico","MCMA","MCMA","México","ZMVM","ZMVM","Confirmed","Confirmados",21942666,2020-05-23,3,29471,86,2020-05-24
"Mexico","MCMA","MCMA","México","ZMVM","ZMVM","Hospitalized","Hospitalizados",21942666,2020-02-27,2,2,0,2020-05-24
"Mexico","MCMA","MCMA","México","ZMVM","ZMVM","Hospitalized","Hospitalizados",21942666,2020-02-28,0,2,1,2020-05-24
"Mexico","MCMA","MCMA","México","ZMVM","ZMVM","Hospitalized","Hospitalizados",21942666,2020-02-29,0,2,2,2020-05-24
"Mexico","MCMA","MCMA","México","ZMVM","ZMVM","Hospitalized","Hospitalizados",21942666,2020-03-01,0,2,3,2020-05-24
"Mexico","MCMA","MCMA","México","ZMVM","ZMVM","Hospitalized","Hospitalizados",21942666,2020-03-02,1,3,4,2020-05-24
"Mexico","MCMA","MCMA","México","ZMVM","ZMVM","Hospitalized","Hospitalizados",21942666,2020-03-03,0,3,5,2020-05-24
"Mexico","MCMA","MCMA","México","ZMVM","ZMVM","Hospitalized","Hospitalizados",21942666,2020-03-04,2,5,6,2020-05-24
"Mexico","MCMA","MCMA","México","ZMVM","ZMVM","Hospitalized","Hospitalizados",21942666,2020-03-05,0,5,7,2020-05-24
"Mexico","MCMA","MCMA","México","ZMVM","ZMVM","Hospitalized","Hospitalizados",21942666,2020-03-06,0,5,8,2020-05-24
"Mexico","MCMA","MCMA","México","ZMVM","ZMVM","Hospitalized","Hospitalizados",21942666,2020-03-07,0,5,9,2020-05-24
"Mexico","MCMA","MCMA","México","ZMVM","ZMVM","Hospitalized","Hospitalizados",21942666,2020-03-08,1,6,10,2020-05-24
"Mexico","MCMA","MCMA","México","ZMVM","ZMVM","Hospitalized","Hospitalizados",21942666,2020-03-09,1,7,11,2020-05-24
"Mexico","MCMA","MCMA","México","ZMVM","ZMVM","Hospitalized","Hospitalizados",21942666,2020-03-10,1,8,12,2020-05-24
"Mexico","MCMA","MCMA","México","ZMVM","ZMVM","Hospitalized","Hospitalizados",21942666,2020-03-11,3,11,13,2020-05-24
"Mexico","MCMA","MCMA","México","ZMVM","ZMVM","Hospitalized","Hospitalizados",21942666,2020-03-12,4,15,14,2020-05-24
"Mexico","MCMA","MCMA","México","ZMVM","ZMVM","Hospitalized","Hospitalizados",21942666,2020-03-13,4,19,15,2020-05-24
"Mexico","MCMA","MCMA","México","ZMVM","ZMVM","Hospitalized","Hospitalizados",21942666,2020-03-14,0,19,16,2020-05-24
"Mexico","MCMA","MCMA","México","ZMVM","ZMVM","Hospitalized","Hospitalizados",21942666,2020-03-15,5,24,17,2020-05-24
"Mexico","MCMA","MCMA","México","ZMVM","ZMVM","Hospitalized","Hospitalizados",21942666,2020-03-16,5,29,18,2020-05-24
"Mexico","MCMA","MCMA","México","ZMVM","ZMVM","Hospitalized","Hospitalizados",21942666,2020-03-17,3,32,19,2020-05-24
"Mexico","MCMA","MCMA","México","ZMVM","ZMVM","Hospitalized","Hospitalizados",21942666,2020-03-18,5,37,20,2020-05-24
"Mexico","MCMA","MCMA","México","ZMVM","ZMVM","Hospitalized","Hospitalizados",21942666,2020-03-19,9,46,21,2020-05-24
"Mexico","MCMA","MCMA","México","ZMVM","ZMVM","Hospitalized","Hospitalizados",21942666,2020-03-20,6,52,22,2020-05-24
"Mexico","MCMA","MCMA","México","ZMVM","ZMVM","Hospitalized","Hospitalizados",21942666,2020-03-21,13,65,23,2020-05-24
"Mexico","MCMA","MCMA","México","ZMVM","ZMVM","Hospitalized","Hospitalizados",21942666,2020-03-22,10,75,24,2020-05-24
"Mexico","MCMA","MCMA","México","ZMVM","ZMVM","Hospitalized","Hospitalizados",21942666,2020-03-23,17,92,25,2020-05-24
"Mexico","MCMA","MCMA","México","ZMVM","ZMVM","Hospitalized","Hospitalizados",21942666,2020-03-24,18,110,26,2020-05-24
"Mexico","MCMA","MCMA","México","ZMVM","ZMVM","Hospitalized","Hospitalizados",21942666,2020-03-25,18,128,27,2020-05-24
"Mexico","MCMA","MCMA","México","ZMVM","ZMVM","Hospitalized","Hospitalizados",21942666,2020-03-26,28,156,28,2020-05-24
"Mexico","MCMA","MCMA","México","ZMVM","ZMVM","Hospitalized","Hospitalizados",21942666,2020-03-27,35,191,29,2020-05-24
"Mexico","MCMA","MCMA","México","ZMVM","ZMVM","Hospitalized","Hospitalizados",21942666,2020-03-28,39,230,30,2020-05-24
"Mexico","MCMA","MCMA","México","ZMVM","ZMVM","Hospitalized","Hospitalizados",21942666,2020-03-29,27,257,31,2020-05-24
"Mexico","MCMA","MCMA","México","ZMVM","ZMVM","Hospitalized","Hospitalizados",21942666,2020-03-30,39,296,32,2020-05-24
"Mexico","MCMA","MCMA","México","ZMVM","ZMVM","Hospitalized","Hospitalizados",21942666,2020-03-31,25,321,33,2020-05-24
"Mexico","MCMA","MCMA","México","ZMVM","ZMVM","Hospitalized","Hospitalizados",21942666,2020-04-01,49,370,34,2020-05-24
"Mexico","MCMA","MCMA","México","ZMVM","ZMVM","Hospitalized","Hospitalizados",21942666,2020-04-02,44,414,35,2020-05-24
"Mexico","MCMA","MCMA","México","ZMVM","ZMVM","Hospitalized","Hospitalizados",21942666,2020-04-03,60,474,36,2020-05-24
"Mexico","MCMA","MCMA","México","ZMVM","ZMVM","Hospitalized","Hospitalizados",21942666,2020-04-04,50,524,37,2020-05-24
"Mexico","MCMA","MCMA","México","ZMVM","ZMVM","Hospitalized","Hospitalizados",21942666,2020-04-05,57,581,38,2020-05-24
"Mexico","MCMA","MCMA","México","ZMVM","ZMVM","Hospitalized","Hospitalizados",21942666,2020-04-06,89,670,39,2020-05-24
"Mexico","MCMA","MCMA","México","ZMVM","ZMVM","Hospitalized","Hospitalizados",21942666,2020-04-07,84,754,40,2020-05-24
"Mexico","MCMA","MCMA","México","ZMVM","ZMVM","Hospitalized","Hospitalizados",21942666,2020-04-08,93,847,41,2020-05-24
"Mexico","MCMA","MCMA","México","ZMVM","ZMVM","Hospitalized","Hospitalizados",21942666,2020-04-09,87,934,42,2020-05-24
"Mexico","MCMA","MCMA","México","ZMVM","ZMVM","Hospitalized","Hospitalizados",21942666,2020-04-10,103,1037,43,2020-05-24
"Mexico","MCMA","MCMA","México","ZMVM","ZMVM","Hospitalized","Hospitalizados",21942666,2020-04-11,92,1129,44,2020-05-24
"Mexico","MCMA","MCMA","México","ZMVM","ZMVM","Hospitalized","Hospitalizados",21942666,2020-04-12,115,1244,45,2020-05-24
"Mexico","MCMA","MCMA","México","ZMVM","ZMVM","Hospitalized","Hospitalizados",21942666,2020-04-13,152,1396,46,2020-05-24
"Mexico","MCMA","MCMA","México","ZMVM","ZMVM","Hospitalized","Hospitalizados",21942666,2020-04-14,146,1542,47,2020-05-24
"Mexico","MCMA","MCMA","México","ZMVM","ZMVM","Hospitalized","Hospitalizados",21942666,2020-04-15,159,1701,48,2020-05-24
"Mexico","MCMA","MCMA","México","ZMVM","ZMVM","Hospitalized","Hospitalizados",21942666,2020-04-16,178,1879,49,2020-05-24
"Mexico","MCMA","MCMA","México","ZMVM","ZMVM","Hospitalized","Hospitalizados",21942666,2020-04-17,152,2031,50,2020-05-24
"Mexico","MCMA","MCMA","México","ZMVM","ZMVM","Hospitalized","Hospitalizados",21942666,2020-04-18,199,2230,51,2020-05-24
"Mexico","MCMA","MCMA","México","ZMVM","ZMVM","Hospitalized","Hospitalizados",21942666,2020-04-19,186,2416,52,2020-05-24
"Mexico","MCMA","MCMA","México","ZMVM","ZMVM","Hospitalized","Hospitalizados",21942666,2020-04-20,274,2690,53,2020-05-24
"Mexico","MCMA","MCMA","México","ZMVM","ZMVM","Hospitalized","Hospitalizados",21942666,2020-04-21,252,2942,54,2020-05-24
"Mexico","MCMA","MCMA","México","ZMVM","ZMVM","Hospitalized","Hospitalizados",21942666,2020-04-22,240,3182,55,2020-05-24
"Mexico","MCMA","MCMA","México","ZMVM","ZMVM","Hospitalized","Hospitalizados",21942666,2020-04-23,256,3438,56,2020-05-24
"Mexico","MCMA","MCMA","México","ZMVM","ZMVM","Hospitalized","Hospitalizados",21942666,2020-04-24,259,3697,57,2020-05-24
"Mexico","MCMA","MCMA","México","ZMVM","ZMVM","Hospitalized","Hospitalizados",21942666,2020-04-25,231,3928,58,2020-05-24
"Mexico","MCMA","MCMA","México","ZMVM","ZMVM","Hospitalized","Hospitalizados",21942666,2020-04-26,244,4172,59,2020-05-24
"Mexico","MCMA","MCMA","México","ZMVM","ZMVM","Hospitalized","Hospitalizados",21942666,2020-04-27,288,4460,60,2020-05-24
"Mexico","MCMA","MCMA","México","ZMVM","ZMVM","Hospitalized","Hospitalizados",21942666,2020-04-28,320,4780,61,2020-05-24
"Mexico","MCMA","MCMA","México","ZMVM","ZMVM","Hospitalized","Hospitalizados",21942666,2020-04-29,323,5103,62,2020-05-24
"Mexico","MCMA","MCMA","México","ZMVM","ZMVM","Hospitalized","Hospitalizados",21942666,2020-04-30,281,5384,63,2020-05-24
"Mexico","MCMA","MCMA","México","ZMVM","ZMVM","Hospitalized","Hospitalizados",21942666,2020-05-01,281,5665,64,2020-05-24
"Mexico","MCMA","MCMA","México","ZMVM","ZMVM","Hospitalized","Hospitalizados",21942666,2020-05-02,230,5895,65,2020-05-24
"Mexico","MCMA","MCMA","México","ZMVM","ZMVM","Hospitalized","Hospitalizados",21942666,2020-05-03,229,6124,66,2020-05-24
"Mexico","MCMA","MCMA","México","ZMVM","ZMVM","Hospitalized","Hospitalizados",21942666,2020-05-04,277,6401,67,2020-05-24
"Mexico","MCMA","MCMA","México","ZMVM","ZMVM","Hospitalized","Hospitalizados",21942666,2020-05-05,277,6678,68,2020-05-24
"Mexico","MCMA","MCMA","México","ZMVM","ZMVM","Hospitalized","Hospitalizados",21942666,2020-05-06,252,6930,69,2020-05-24
"Mexico","MCMA","MCMA","México","ZMVM","ZMVM","Hospitalized","Hospitalizados",21942666,2020-05-07,326,7256,70,2020-05-24
"Mexico","MCMA","MCMA","México","ZMVM","ZMVM","Hospitalized","Hospitalizados",21942666,2020-05-08,317,7573,71,2020-05-24
"Mexico","MCMA","MCMA","México","ZMVM","ZMVM","Hospitalized","Hospitalizados",21942666,2020-05-09,223,7796,72,2020-05-24
"Mexico","MCMA","MCMA","México","ZMVM","ZMVM","Hospitalized","Hospitalizados",21942666,2020-05-10,287,8083,73,2020-05-24
"Mexico","MCMA","MCMA","México","ZMVM","ZMVM","Hospitalized","Hospitalizados",21942666,2020-05-11,368,8451,74,2020-05-24
"Mexico","MCMA","MCMA","México","ZMVM","ZMVM","Hospitalized","Hospitalizados",21942666,2020-05-12,314,8765,75,2020-05-24
"Mexico","MCMA","MCMA","México","ZMVM","ZMVM","Hospitalized","Hospitalizados",21942666,2020-05-13,294,9059,76,2020-05-24
"Mexico","MCMA","MCMA","México","ZMVM","ZMVM","Hospitalized","Hospitalizados",21942666,2020-05-14,275,9334,77,2020-05-24
"Mexico","MCMA","MCMA","México","ZMVM","ZMVM","Hospitalized","Hospitalizados",21942666,2020-05-15,263,9597,78,2020-05-24
"Mexico","MCMA","MCMA","México","ZMVM","ZMVM","Hospitalized","Hospitalizados",21942666,2020-05-16,203,9800,79,2020-05-24
"Mexico","MCMA","MCMA","México","ZMVM","ZMVM","Hospitalized","Hospitalizados",21942666,2020-05-17,183,9983,80,2020-05-24
"Mexico","MCMA","MCMA","México","ZMVM","ZMVM","Hospitalized","Hospitalizados",21942666,2020-05-18,251,10234,81,2020-05-24
"Mexico","MCMA","MCMA","México","ZMVM","ZMVM","Hospitalized","Hospitalizados",21942666,2020-05-19,189,10423,82,2020-05-24
"Mexico","MCMA","MCMA","México","ZMVM","ZMVM","Hospitalized","Hospitalizados",21942666,2020-05-20,122,10545,83,2020-05-24
"Mexico","MCMA","MCMA","México","ZMVM","ZMVM","Hospitalized","Hospitalizados",21942666,2020-05-21,90,10635,84,2020-05-24
"Mexico","MCMA","MCMA","México","ZMVM","ZMVM","Hospitalized","Hospitalizados",21942666,2020-05-22,22,10657,85,2020-05-24
"Mexico","MCMA","MCMA","México","ZMVM","ZMVM","Hospitalized","Hospitalizados",21942666,2020-05-23,0,10657,86,2020-05-24
"Mexico","MCMA","MCMA","México","ZMVM","ZMVM","ICU","UCI",21942666,2020-02-27,1,1,0,2020-05-24
"Mexico","MCMA","MCMA","México","ZMVM","ZMVM","ICU","UCI",21942666,2020-02-28,0,1,1,2020-05-24
"Mexico","MCMA","MCMA","México","ZMVM","ZMVM","ICU","UCI",21942666,2020-02-29,0,1,2,2020-05-24
"Mexico","MCMA","MCMA","México","ZMVM","ZMVM","ICU","UCI",21942666,2020-03-01,0,1,3,2020-05-24
"Mexico","MCMA","MCMA","México","ZMVM","ZMVM","ICU","UCI",21942666,2020-03-02,0,1,4,2020-05-24
"Mexico","MCMA","MCMA","México","ZMVM","ZMVM","ICU","UCI",21942666,2020-03-03,0,1,5,2020-05-24
"Mexico","MCMA","MCMA","México","ZMVM","ZMVM","ICU","UCI",21942666,2020-03-04,0,1,6,2020-05-24
"Mexico","MCMA","MCMA","México","ZMVM","ZMVM","ICU","UCI",21942666,2020-03-05,0,1,7,2020-05-24
"Mexico","MCMA","MCMA","México","ZMVM","ZMVM","ICU","UCI",21942666,2020-03-06,0,1,8,2020-05-24
"Mexico","MCMA","MCMA","México","ZMVM","ZMVM","ICU","UCI",21942666,2020-03-07,0,1,9,2020-05-24
"Mexico","MCMA","MCMA","México","ZMVM","ZMVM","ICU","UCI",21942666,2020-03-08,0,1,10,2020-05-24
"Mexico","MCMA","MCMA","México","ZMVM","ZMVM","ICU","UCI",21942666,2020-03-09,0,1,11,2020-05-24
"Mexico","MCMA","MCMA","México","ZMVM","ZMVM","ICU","UCI",21942666,2020-03-10,0,1,12,2020-05-24
"Mexico","MCMA","MCMA","México","ZMVM","ZMVM","ICU","UCI",21942666,2020-03-11,1,2,13,2020-05-24
"Mexico","MCMA","MCMA","México","ZMVM","ZMVM","ICU","UCI",21942666,2020-03-12,1,3,14,2020-05-24
"Mexico","MCMA","MCMA","México","ZMVM","ZMVM","ICU","UCI",21942666,2020-03-13,1,4,15,2020-05-24
"Mexico","MCMA","MCMA","México","ZMVM","ZMVM","ICU","UCI",21942666,2020-03-14,0,4,16,2020-05-24
"Mexico","MCMA","MCMA","México","ZMVM","ZMVM","ICU","UCI",21942666,2020-03-15,1,5,17,2020-05-24
"Mexico","MCMA","MCMA","México","ZMVM","ZMVM","ICU","UCI",21942666,2020-03-16,1,6,18,2020-05-24
"Mexico","MCMA","MCMA","México","ZMVM","ZMVM","ICU","UCI",21942666,2020-03-17,0,6,19,2020-05-24
"Mexico","MCMA","MCMA","México","ZMVM","ZMVM","ICU","UCI",21942666,2020-03-18,0,6,20,2020-05-24
"Mexico","MCMA","MCMA","México","ZMVM","ZMVM","ICU","UCI",21942666,2020-03-19,4,10,21,2020-05-24
"Mexico","MCMA","MCMA","México","ZMVM","ZMVM","ICU","UCI",21942666,2020-03-20,0,10,22,2020-05-24
"Mexico","MCMA","MCMA","México","ZMVM","ZMVM","ICU","UCI",21942666,2020-03-21,4,14,23,2020-05-24
"Mexico","MCMA","MCMA","México","ZMVM","ZMVM","ICU","UCI",21942666,2020-03-22,2,16,24,2020-05-24
"Mexico","MCMA","MCMA","México","ZMVM","ZMVM","ICU","UCI",21942666,2020-03-23,1,17,25,2020-05-24
"Mexico","MCMA","MCMA","México","ZMVM","ZMVM","ICU","UCI",21942666,2020-03-24,1,18,26,2020-05-24
"Mexico","MCMA","MCMA","México","ZMVM","ZMVM","ICU","UCI",21942666,2020-03-25,4,22,27,2020-05-24
"Mexico","MCMA","MCMA","México","ZMVM","ZMVM","ICU","UCI",21942666,2020-03-26,5,27,28,2020-05-24
"Mexico","MCMA","MCMA","México","ZMVM","ZMVM","ICU","UCI",21942666,2020-03-27,5,32,29,2020-05-24
"Mexico","MCMA","MCMA","México","ZMVM","ZMVM","ICU","UCI",21942666,2020-03-28,7,39,30,2020-05-24
"Mexico","MCMA","MCMA","México","ZMVM","ZMVM","ICU","UCI",21942666,2020-03-29,6,45,31,2020-05-24
"Mexico","MCMA","MCMA","México","ZMVM","ZMVM","ICU","UCI",21942666,2020-03-30,2,47,32,2020-05-24
"Mexico","MCMA","MCMA","México","ZMVM","ZMVM","ICU","UCI",21942666,2020-03-31,4,51,33,2020-05-24
"Mexico","MCMA","MCMA","México","ZMVM","ZMVM","ICU","UCI",21942666,2020-04-01,2,53,34,2020-05-24
"Mexico","MCMA","MCMA","México","ZMVM","ZMVM","ICU","UCI",21942666,2020-04-02,6,59,35,2020-05-24
"Mexico","MCMA","MCMA","México","ZMVM","ZMVM","ICU","UCI",21942666,2020-04-03,5,64,36,2020-05-24
"Mexico","MCMA","MCMA","México","ZMVM","ZMVM","ICU","UCI",21942666,2020-04-04,7,71,37,2020-05-24
"Mexico","MCMA","MCMA","México","ZMVM","ZMVM","ICU","UCI",21942666,2020-04-05,7,78,38,2020-05-24
"Mexico","MCMA","MCMA","México","ZMVM","ZMVM","ICU","UCI",21942666,2020-04-06,14,92,39,2020-05-24
"Mexico","MCMA","MCMA","México","ZMVM","ZMVM","ICU","UCI",21942666,2020-04-07,14,106,40,2020-05-24
"Mexico","MCMA","MCMA","México","ZMVM","ZMVM","ICU","UCI",21942666,2020-04-08,10,116,41,2020-05-24
"Mexico","MCMA","MCMA","México","ZMVM","ZMVM","ICU","UCI",21942666,2020-04-09,7,123,42,2020-05-24
"Mexico","MCMA","MCMA","México","ZMVM","ZMVM","ICU","UCI",21942666,2020-04-10,13,136,43,2020-05-24
"Mexico","MCMA","MCMA","México","ZMVM","ZMVM","ICU","UCI",21942666,2020-04-11,9,145,44,2020-05-24
"Mexico","MCMA","MCMA","México","ZMVM","ZMVM","ICU","UCI",21942666,2020-04-12,14,159,45,2020-05-24
"Mexico","MCMA","MCMA","México","ZMVM","ZMVM","ICU","UCI",21942666,2020-04-13,20,179,46,2020-05-24
"Mexico","MCMA","MCMA","México","ZMVM","ZMVM","ICU","UCI",21942666,2020-04-14,12,191,47,2020-05-24
"Mexico","MCMA","MCMA","México","ZMVM","ZMVM","ICU","UCI",21942666,2020-04-15,20,211,48,2020-05-24
"Mexico","MCMA","MCMA","México","ZMVM","ZMVM","ICU","UCI",21942666,2020-04-16,16,227,49,2020-05-24
"Mexico","MCMA","MCMA","México","ZMVM","ZMVM","ICU","UCI",21942666,2020-04-17,17,244,50,2020-05-24
"Mexico","MCMA","MCMA","México","ZMVM","ZMVM","ICU","UCI",21942666,2020-04-18,19,263,51,2020-05-24
"Mexico","MCMA","MCMA","México","ZMVM","ZMVM","ICU","UCI",21942666,2020-04-19,19,282,52,2020-05-24
"Mexico","MCMA","MCMA","México","ZMVM","ZMVM","ICU","UCI",21942666,2020-04-20,21,303,53,2020-05-24
"Mexico","MCMA","MCMA","México","ZMVM","ZMVM","ICU","UCI",21942666,2020-04-21,21,324,54,2020-05-24
"Mexico","MCMA","MCMA","México","ZMVM","ZMVM","ICU","UCI",21942666,2020-04-22,25,349,55,2020-05-24
"Mexico","MCMA","MCMA","México","ZMVM","ZMVM","ICU","UCI",21942666,2020-04-23,20,369,56,2020-05-24
"Mexico","MCMA","MCMA","México","ZMVM","ZMVM","ICU","UCI",21942666,2020-04-24,19,388,57,2020-05-24
"Mexico","MCMA","MCMA","México","ZMVM","ZMVM","ICU","UCI",21942666,2020-04-25,15,403,58,2020-05-24
"Mexico","MCMA","MCMA","México","ZMVM","ZMVM","ICU","UCI",21942666,2020-04-26,17,420,59,2020-05-24
"Mexico","MCMA","MCMA","México","ZMVM","ZMVM","ICU","UCI",21942666,2020-04-27,21,441,60,2020-05-24
"Mexico","MCMA","MCMA","México","ZMVM","ZMVM","ICU","UCI",21942666,2020-04-28,21,462,61,2020-05-24
"Mexico","MCMA","MCMA","México","ZMVM","ZMVM","ICU","UCI",21942666,2020-04-29,11,473,62,2020-05-24
"Mexico","MCMA","MCMA","México","ZMVM","ZMVM","ICU","UCI",21942666,2020-04-30,17,490,63,2020-05-24
"Mexico","MCMA","MCMA","México","ZMVM","ZMVM","ICU","UCI",21942666,2020-05-01,17,507,64,2020-05-24
"Mexico","MCMA","MCMA","México","ZMVM","ZMVM","ICU","UCI",21942666,2020-05-02,17,524,65,2020-05-24
"Mexico","MCMA","MCMA","México","ZMVM","ZMVM","ICU","UCI",21942666,2020-05-03,11,535,66,2020-05-24
"Mexico","MCMA","MCMA","México","ZMVM","ZMVM","ICU","UCI",21942666,2020-05-04,14,549,67,2020-05-24
"Mexico","MCMA","MCMA","México","ZMVM","ZMVM","ICU","UCI",21942666,2020-05-05,23,572,68,2020-05-24
"Mexico","MCMA","MCMA","México","ZMVM","ZMVM","ICU","UCI",21942666,2020-05-06,15,587,69,2020-05-24
"Mexico","MCMA","MCMA","México","ZMVM","ZMVM","ICU","UCI",21942666,2020-05-07,14,601,70,2020-05-24
"Mexico","MCMA","MCMA","México","ZMVM","ZMVM","ICU","UCI",21942666,2020-05-08,20,621,71,2020-05-24
"Mexico","MCMA","MCMA","México","ZMVM","ZMVM","ICU","UCI",21942666,2020-05-09,11,632,72,2020-05-24
"Mexico","MCMA","MCMA","México","ZMVM","ZMVM","ICU","UCI",21942666,2020-05-10,16,648,73,2020-05-24
"Mexico","MCMA","MCMA","México","ZMVM","ZMVM","ICU","UCI",21942666,2020-05-11,13,661,74,2020-05-24
"Mexico","MCMA","MCMA","México","ZMVM","ZMVM","ICU","UCI",21942666,2020-05-12,10,671,75,2020-05-24
"Mexico","MCMA","MCMA","México","ZMVM","ZMVM","ICU","UCI",21942666,2020-05-13,18,689,76,2020-05-24
"Mexico","MCMA","MCMA","México","ZMVM","ZMVM","ICU","UCI",21942666,2020-05-14,12,701,77,2020-05-24
"Mexico","MCMA","MCMA","México","ZMVM","ZMVM","ICU","UCI",21942666,2020-05-15,18,719,78,2020-05-24
"Mexico","MCMA","MCMA","México","ZMVM","ZMVM","ICU","UCI",21942666,2020-05-16,11,730,79,2020-05-24
"Mexico","MCMA","MCMA","México","ZMVM","ZMVM","ICU","UCI",21942666,2020-05-17,19,749,80,2020-05-24
"Mexico","MCMA","MCMA","México","ZMVM","ZMVM","ICU","UCI",21942666,2020-05-18,9,758,81,2020-05-24
"Mexico","MCMA","MCMA","México","ZMVM","ZMVM","ICU","UCI",21942666,2020-05-19,6,764,82,2020-05-24
"Mexico","MCMA","MCMA","México","ZMVM","ZMVM","ICU","UCI",21942666,2020-05-20,6,770,83,2020-05-24
"Mexico","MCMA","MCMA","México","ZMVM","ZMVM","ICU","UCI",21942666,2020-05-21,3,773,84,2020-05-24
"Mexico","MCMA","MCMA","México","ZMVM","ZMVM","ICU","UCI",21942666,2020-05-22,1,774,85,2020-05-24
"Mexico","MCMA","MCMA","México","ZMVM","ZMVM","ICU","UCI",21942666,2020-05-23,0,774,86,2020-05-24
"Mexico","MCMA","MCMA","México","ZMVM","ZMVM","Ventilator","Intubado",21942666,2020-02-27,0,0,0,2020-05-24
"Mexico","MCMA","MCMA","México","ZMVM","ZMVM","Ventilator","Intubado",21942666,2020-02-28,0,0,1,2020-05-24
"Mexico","MCMA","MCMA","México","ZMVM","ZMVM","Ventilator","Intubado",21942666,2020-02-29,0,0,2,2020-05-24
"Mexico","MCMA","MCMA","México","ZMVM","ZMVM","Ventilator","Intubado",21942666,2020-03-01,0,0,3,2020-05-24
"Mexico","MCMA","MCMA","México","ZMVM","ZMVM","Ventilator","Intubado",21942666,2020-03-02,0,0,4,2020-05-24
"Mexico","MCMA","MCMA","México","ZMVM","ZMVM","Ventilator","Intubado",21942666,2020-03-03,0,0,5,2020-05-24
"Mexico","MCMA","MCMA","México","ZMVM","ZMVM","Ventilator","Intubado",21942666,2020-03-04,0,0,6,2020-05-24
"Mexico","MCMA","MCMA","México","ZMVM","ZMVM","Ventilator","Intubado",21942666,2020-03-05,0,0,7,2020-05-24
"Mexico","MCMA","MCMA","México","ZMVM","ZMVM","Ventilator","Intubado",21942666,2020-03-06,0,0,8,2020-05-24
"Mexico","MCMA","MCMA","México","ZMVM","ZMVM","Ventilator","Intubado",21942666,2020-03-07,0,0,9,2020-05-24
"Mexico","MCMA","MCMA","México","ZMVM","ZMVM","Ventilator","Intubado",21942666,2020-03-08,0,0,10,2020-05-24
"Mexico","MCMA","MCMA","México","ZMVM","ZMVM","Ventilator","Intubado",21942666,2020-03-09,0,0,11,2020-05-24
"Mexico","MCMA","MCMA","México","ZMVM","ZMVM","Ventilator","Intubado",21942666,2020-03-10,0,0,12,2020-05-24
"Mexico","MCMA","MCMA","México","ZMVM","ZMVM","Ventilator","Intubado",21942666,2020-03-11,0,0,13,2020-05-24
"Mexico","MCMA","MCMA","México","ZMVM","ZMVM","Ventilator","Intubado",21942666,2020-03-12,0,0,14,2020-05-24
"Mexico","MCMA","MCMA","México","ZMVM","ZMVM","Ventilator","Intubado",21942666,2020-03-13,1,1,15,2020-05-24
"Mexico","MCMA","MCMA","México","ZMVM","ZMVM","Ventilator","Intubado",21942666,2020-03-14,0,1,16,2020-05-24
"Mexico","MCMA","MCMA","México","ZMVM","ZMVM","Ventilator","Intubado",21942666,2020-03-15,2,3,17,2020-05-24
"Mexico","MCMA","MCMA","México","ZMVM","ZMVM","Ventilator","Intubado",21942666,2020-03-16,1,4,18,2020-05-24
"Mexico","MCMA","MCMA","México","ZMVM","ZMVM","Ventilator","Intubado",21942666,2020-03-17,0,4,19,2020-05-24
"Mexico","MCMA","MCMA","México","ZMVM","ZMVM","Ventilator","Intubado",21942666,2020-03-18,1,5,20,2020-05-24
"Mexico","MCMA","MCMA","México","ZMVM","ZMVM","Ventilator","Intubado",21942666,2020-03-19,2,7,21,2020-05-24
"Mexico","MCMA","MCMA","México","ZMVM","ZMVM","Ventilator","Intubado",21942666,2020-03-20,0,7,22,2020-05-24
"Mexico","MCMA","MCMA","México","ZMVM","ZMVM","Ventilator","Intubado",21942666,2020-03-21,2,9,23,2020-05-24
"Mexico","MCMA","MCMA","México","ZMVM","ZMVM","Ventilator","Intubado",21942666,2020-03-22,2,11,24,2020-05-24
"Mexico","MCMA","MCMA","México","ZMVM","ZMVM","Ventilator","Intubado",21942666,2020-03-23,1,12,25,2020-05-24
"Mexico","MCMA","MCMA","México","ZMVM","ZMVM","Ventilator","Intubado",21942666,2020-03-24,1,13,26,2020-05-24
"Mexico","MCMA","MCMA","México","ZMVM","ZMVM","Ventilator","Intubado",21942666,2020-03-25,4,17,27,2020-05-24
"Mexico","MCMA","MCMA","México","ZMVM","ZMVM","Ventilator","Intubado",21942666,2020-03-26,3,20,28,2020-05-24
"Mexico","MCMA","MCMA","México","ZMVM","ZMVM","Ventilator","Intubado",21942666,2020-03-27,8,28,29,2020-05-24
"Mexico","MCMA","MCMA","México","ZMVM","ZMVM","Ventilator","Intubado",21942666,2020-03-28,7,35,30,2020-05-24
"Mexico","MCMA","MCMA","México","ZMVM","ZMVM","Ventilator","Intubado",21942666,2020-03-29,4,39,31,2020-05-24
"Mexico","MCMA","MCMA","México","ZMVM","ZMVM","Ventilator","Intubado",21942666,2020-03-30,3,42,32,2020-05-24
"Mexico","MCMA","MCMA","México","ZMVM","ZMVM","Ventilator","Intubado",21942666,2020-03-31,4,46,33,2020-05-24
"Mexico","MCMA","MCMA","México","ZMVM","ZMVM","Ventilator","Intubado",21942666,2020-04-01,6,52,34,2020-05-24
"Mexico","MCMA","MCMA","México","ZMVM","ZMVM","Ventilator","Intubado",21942666,2020-04-02,7,59,35,2020-05-24
"Mexico","MCMA","MCMA","México","ZMVM","ZMVM","Ventilator","Intubado",21942666,2020-04-03,6,65,36,2020-05-24
"Mexico","MCMA","MCMA","México","ZMVM","ZMVM","Ventilator","Intubado",21942666,2020-04-04,10,75,37,2020-05-24
"Mexico","MCMA","MCMA","México","ZMVM","ZMVM","Ventilator","Intubado",21942666,2020-04-05,12,87,38,2020-05-24
"Mexico","MCMA","MCMA","México","ZMVM","ZMVM","Ventilator","Intubado",21942666,2020-04-06,17,104,39,2020-05-24
"Mexico","MCMA","MCMA","México","ZMVM","ZMVM","Ventilator","Intubado",21942666,2020-04-07,17,121,40,2020-05-24
"Mexico","MCMA","MCMA","México","ZMVM","ZMVM","Ventilator","Intubado",21942666,2020-04-08,12,133,41,2020-05-24
"Mexico","MCMA","MCMA","México","ZMVM","ZMVM","Ventilator","Intubado",21942666,2020-04-09,12,145,42,2020-05-24
"Mexico","MCMA","MCMA","México","ZMVM","ZMVM","Ventilator","Intubado",21942666,2020-04-10,18,163,43,2020-05-24
"Mexico","MCMA","MCMA","México","ZMVM","ZMVM","Ventilator","Intubado",21942666,2020-04-11,15,178,44,2020-05-24
"Mexico","MCMA","MCMA","México","ZMVM","ZMVM","Ventilator","Intubado",21942666,2020-04-12,17,195,45,2020-05-24
"Mexico","MCMA","MCMA","México","ZMVM","ZMVM","Ventilator","Intubado",21942666,2020-04-13,24,219,46,2020-05-24
"Mexico","MCMA","MCMA","México","ZMVM","ZMVM","Ventilator","Intubado",21942666,2020-04-14,24,243,47,2020-05-24
"Mexico","MCMA","MCMA","México","ZMVM","ZMVM","Ventilator","Intubado",21942666,2020-04-15,28,271,48,2020-05-24
"Mexico","MCMA","MCMA","México","ZMVM","ZMVM","Ventilator","Intubado",21942666,2020-04-16,22,293,49,2020-05-24
"Mexico","MCMA","MCMA","México","ZMVM","ZMVM","Ventilator","Intubado",21942666,2020-04-17,20,313,50,2020-05-24
"Mexico","MCMA","MCMA","México","ZMVM","ZMVM","Ventilator","Intubado",21942666,2020-04-18,29,342,51,2020-05-24
"Mexico","MCMA","MCMA","México","ZMVM","ZMVM","Ventilator","Intubado",21942666,2020-04-19,21,363,52,2020-05-24
"Mexico","MCMA","MCMA","México","ZMVM","ZMVM","Ventilator","Intubado",21942666,2020-04-20,30,393,53,2020-05-24
"Mexico","MCMA","MCMA","México","ZMVM","ZMVM","Ventilator","Intubado",21942666,2020-04-21,46,439,54,2020-05-24
"Mexico","MCMA","MCMA","México","ZMVM","ZMVM","Ventilator","Intubado",21942666,2020-04-22,34,473,55,2020-05-24
"Mexico","MCMA","MCMA","México","ZMVM","ZMVM","Ventilator","Intubado",21942666,2020-04-23,28,501,56,2020-05-24
"Mexico","MCMA","MCMA","México","ZMVM","ZMVM","Ventilator","Intubado",21942666,2020-04-24,30,531,57,2020-05-24
"Mexico","MCMA","MCMA","México","ZMVM","ZMVM","Ventilator","Intubado",21942666,2020-04-25,31,562,58,2020-05-24
"Mexico","MCMA","MCMA","México","ZMVM","ZMVM","Ventilator","Intubado",21942666,2020-04-26,35,597,59,2020-05-24
"Mexico","MCMA","MCMA","México","ZMVM","ZMVM","Ventilator","Intubado",21942666,2020-04-27,32,629,60,2020-05-24
"Mexico","MCMA","MCMA","México","ZMVM","ZMVM","Ventilator","Intubado",21942666,2020-04-28,32,661,61,2020-05-24
"Mexico","MCMA","MCMA","México","ZMVM","ZMVM","Ventilator","Intubado",21942666,2020-04-29,24,685,62,2020-05-24
"Mexico","MCMA","MCMA","México","ZMVM","ZMVM","Ventilator","Intubado",21942666,2020-04-30,24,709,63,2020-05-24
"Mexico","MCMA","MCMA","México","ZMVM","ZMVM","Ventilator","Intubado",21942666,2020-05-01,27,736,64,2020-05-24
"Mexico","MCMA","MCMA","México","ZMVM","ZMVM","Ventilator","Intubado",21942666,2020-05-02,29,765,65,2020-05-24
"Mexico","MCMA","MCMA","México","ZMVM","ZMVM","Ventilator","Intubado",21942666,2020-05-03,19,784,66,2020-05-24
"Mexico","MCMA","MCMA","México","ZMVM","ZMVM","Ventilator","Intubado",21942666,2020-05-04,26,810,67,2020-05-24
"Mexico","MCMA","MCMA","México","ZMVM","ZMVM","Ventilator","Intubado",21942666,2020-05-05,33,843,68,2020-05-24
"Mexico","MCMA","MCMA","México","ZMVM","ZMVM","Ventilator","Intubado",21942666,2020-05-06,27,870,69,2020-05-24
"Mexico","MCMA","MCMA","México","ZMVM","ZMVM","Ventilator","Intubado",21942666,2020-05-07,33,903,70,2020-05-24
"Mexico","MCMA","MCMA","México","ZMVM","ZMVM","Ventilator","Intubado",21942666,2020-05-08,25,928,71,2020-05-24
"Mexico","MCMA","MCMA","México","ZMVM","ZMVM","Ventilator","Intubado",21942666,2020-05-09,24,952,72,2020-05-24
"Mexico","MCMA","MCMA","México","ZMVM","ZMVM","Ventilator","Intubado",21942666,2020-05-10,25,977,73,2020-05-24
"Mexico","MCMA","MCMA","México","ZMVM","ZMVM","Ventilator","Intubado",21942666,2020-05-11,17,994,74,2020-05-24
"Mexico","MCMA","MCMA","México","ZMVM","ZMVM","Ventilator","Intubado",21942666,2020-05-12,31,1025,75,2020-05-24
"Mexico","MCMA","MCMA","México","ZMVM","ZMVM","Ventilator","Intubado",21942666,2020-05-13,26,1051,76,2020-05-24
"Mexico","MCMA","MCMA","México","ZMVM","ZMVM","Ventilator","Intubado",21942666,2020-05-14,23,1074,77,2020-05-24
"Mexico","MCMA","MCMA","México","ZMVM","ZMVM","Ventilator","Intubado",21942666,2020-05-15,23,1097,78,2020-05-24
"Mexico","MCMA","MCMA","México","ZMVM","ZMVM","Ventilator","Intubado",21942666,2020-05-16,13,1110,79,2020-05-24
"Mexico","MCMA","MCMA","México","ZMVM","ZMVM","Ventilator","Intubado",21942666,2020-05-17,22,1132,80,2020-05-24
"Mexico","MCMA","MCMA","México","ZMVM","ZMVM","Ventilator","Intubado",21942666,2020-05-18,8,1140,81,2020-05-24
"Mexico","MCMA","MCMA","México","ZMVM","ZMVM","Ventilator","Intubado",21942666,2020-05-19,8,1148,82,2020-05-24
"Mexico","MCMA","MCMA","México","ZMVM","ZMVM","Ventilator","Intubado",21942666,2020-05-20,5,1153,83,2020-05-24
"Mexico","MCMA","MCMA","México","ZMVM","ZMVM","Ventilator","Intubado",21942666,2020-05-21,3,1156,84,2020-05-24
"Mexico","MCMA","MCMA","México","ZMVM","ZMVM","Ventilator","Intubado",21942666,2020-05-22,2,1158,85,2020-05-24
"Mexico","MCMA","MCMA","México","ZMVM","ZMVM","Ventilator","Intubado",21942666,2020-05-23,0,1158,86,2020-05-24
"Mexico","MCMA","MCMA","México","ZMVM","ZMVM","Deaths","Muertes",21942666,2020-02-20,1,1,0,2020-05-24
"Mexico","MCMA","MCMA","México","ZMVM","ZMVM","Deaths","Muertes",21942666,2020-02-21,0,1,1,2020-05-24
"Mexico","MCMA","MCMA","México","ZMVM","ZMVM","Deaths","Muertes",21942666,2020-02-22,0,1,2,2020-05-24
"Mexico","MCMA","MCMA","México","ZMVM","ZMVM","Deaths","Muertes",21942666,2020-02-23,0,1,3,2020-05-24
"Mexico","MCMA","MCMA","México","ZMVM","ZMVM","Deaths","Muertes",21942666,2020-02-24,0,1,4,2020-05-24
"Mexico","MCMA","MCMA","México","ZMVM","ZMVM","Deaths","Muertes",21942666,2020-02-25,0,1,5,2020-05-24
"Mexico","MCMA","MCMA","México","ZMVM","ZMVM","Deaths","Muertes",21942666,2020-02-26,0,1,6,2020-05-24
"Mexico","MCMA","MCMA","México","ZMVM","ZMVM","Deaths","Muertes",21942666,2020-02-27,0,1,7,2020-05-24
"Mexico","MCMA","MCMA","México","ZMVM","ZMVM","Deaths","Muertes",21942666,2020-02-28,0,1,8,2020-05-24
"Mexico","MCMA","MCMA","México","ZMVM","ZMVM","Deaths","Muertes",21942666,2020-02-29,0,1,9,2020-05-24
"Mexico","MCMA","MCMA","México","ZMVM","ZMVM","Deaths","Muertes",21942666,2020-03-01,0,1,10,2020-05-24
"Mexico","MCMA","MCMA","México","ZMVM","ZMVM","Deaths","Muertes",21942666,2020-03-02,0,1,11,2020-05-24
"Mexico","MCMA","MCMA","México","ZMVM","ZMVM","Deaths","Muertes",21942666,2020-03-03,0,1,12,2020-05-24
"Mexico","MCMA","MCMA","México","ZMVM","ZMVM","Deaths","Muertes",21942666,2020-03-04,0,1,13,2020-05-24
"Mexico","MCMA","MCMA","México","ZMVM","ZMVM","Deaths","Muertes",21942666,2020-03-05,0,1,14,2020-05-24
"Mexico","MCMA","MCMA","México","ZMVM","ZMVM","Deaths","Muertes",21942666,2020-03-06,0,1,15,2020-05-24
"Mexico","MCMA","MCMA","México","ZMVM","ZMVM","Deaths","Muertes",21942666,2020-03-07,0,1,16,2020-05-24
"Mexico","MCMA","MCMA","México","ZMVM","ZMVM","Deaths","Muertes",21942666,2020-03-08,0,1,17,2020-05-24
"Mexico","MCMA","MCMA","México","ZMVM","ZMVM","Deaths","Muertes",21942666,2020-03-09,0,1,18,2020-05-24
"Mexico","MCMA","MCMA","México","ZMVM","ZMVM","Deaths","Muertes",21942666,2020-03-10,0,1,19,2020-05-24
"Mexico","MCMA","MCMA","México","ZMVM","ZMVM","Deaths","Muertes",21942666,2020-03-11,0,1,20,2020-05-24
"Mexico","MCMA","MCMA","México","ZMVM","ZMVM","Deaths","Muertes",21942666,2020-03-12,0,1,21,2020-05-24
"Mexico","MCMA","MCMA","México","ZMVM","ZMVM","Deaths","Muertes",21942666,2020-03-13,0,1,22,2020-05-24
"Mexico","MCMA","MCMA","México","ZMVM","ZMVM","Deaths","Muertes",21942666,2020-03-14,0,1,23,2020-05-24
"Mexico","MCMA","MCMA","México","ZMVM","ZMVM","Deaths","Muertes",21942666,2020-03-15,0,1,24,2020-05-24
"Mexico","MCMA","MCMA","México","ZMVM","ZMVM","Deaths","Muertes",21942666,2020-03-16,0,1,25,2020-05-24
"Mexico","MCMA","MCMA","México","ZMVM","ZMVM","Deaths","Muertes",21942666,2020-03-17,0,1,26,2020-05-24
"Mexico","MCMA","MCMA","México","ZMVM","ZMVM","Deaths","Muertes",21942666,2020-03-18,1,2,27,2020-05-24
"Mexico","MCMA","MCMA","México","ZMVM","ZMVM","Deaths","Muertes",21942666,2020-03-19,0,2,28,2020-05-24
"Mexico","MCMA","MCMA","México","ZMVM","ZMVM","Deaths","Muertes",21942666,2020-03-20,0,2,29,2020-05-24
"Mexico","MCMA","MCMA","México","ZMVM","ZMVM","Deaths","Muertes",21942666,2020-03-21,0,2,30,2020-05-24
"Mexico","MCMA","MCMA","México","ZMVM","ZMVM","Deaths","Muertes",21942666,2020-03-22,1,3,31,2020-05-24
"Mexico","MCMA","MCMA","México","ZMVM","ZMVM","Deaths","Muertes",21942666,2020-03-23,1,4,32,2020-05-24
"Mexico","MCMA","MCMA","México","ZMVM","ZMVM","Deaths","Muertes",21942666,2020-03-24,0,4,33,2020-05-24
"Mexico","MCMA","MCMA","México","ZMVM","ZMVM","Deaths","Muertes",21942666,2020-03-25,1,5,34,2020-05-24
"Mexico","MCMA","MCMA","México","ZMVM","ZMVM","Deaths","Muertes",21942666,2020-03-26,3,8,35,2020-05-24
"Mexico","MCMA","MCMA","México","ZMVM","ZMVM","Deaths","Muertes",21942666,2020-03-27,3,11,36,2020-05-24
"Mexico","MCMA","MCMA","México","ZMVM","ZMVM","Deaths","Muertes",21942666,2020-03-28,4,15,37,2020-05-24
"Mexico","MCMA","MCMA","México","ZMVM","ZMVM","Deaths","Muertes",21942666,2020-03-29,3,18,38,2020-05-24
"Mexico","MCMA","MCMA","México","ZMVM","ZMVM","Deaths","Muertes",21942666,2020-03-30,5,23,39,2020-05-24
"Mexico","MCMA","MCMA","México","ZMVM","ZMVM","Deaths","Muertes",21942666,2020-03-31,8,31,40,2020-05-24
"Mexico","MCMA","MCMA","México","ZMVM","ZMVM","Deaths","Muertes",21942666,2020-04-01,6,37,41,2020-05-24
"Mexico","MCMA","MCMA","México","ZMVM","ZMVM","Deaths","Muertes",21942666,2020-04-02,9,46,42,2020-05-24
"Mexico","MCMA","MCMA","México","ZMVM","ZMVM","Deaths","Muertes",21942666,2020-04-03,10,56,43,2020-05-24
"Mexico","MCMA","MCMA","México","ZMVM","ZMVM","Deaths","Muertes",21942666,2020-04-04,9,65,44,2020-05-24
"Mexico","MCMA","MCMA","México","ZMVM","ZMVM","Deaths","Muertes",21942666,2020-04-05,8,73,45,2020-05-24
"Mexico","MCMA","MCMA","México","ZMVM","ZMVM","Deaths","Muertes",21942666,2020-04-06,20,93,46,2020-05-24
"Mexico","MCMA","MCMA","México","ZMVM","ZMVM","Deaths","Muertes",21942666,2020-04-07,19,112,47,2020-05-24
"Mexico","MCMA","MCMA","México","ZMVM","ZMVM","Deaths","Muertes",21942666,2020-04-08,12,124,48,2020-05-24
"Mexico","MCMA","MCMA","México","ZMVM","ZMVM","Deaths","Muertes",21942666,2020-04-09,20,144,49,2020-05-24
"Mexico","MCMA","MCMA","México","ZMVM","ZMVM","Deaths","Muertes",21942666,2020-04-10,28,172,50,2020-05-24
"Mexico","MCMA","MCMA","México","ZMVM","ZMVM","Deaths","Muertes",21942666,2020-04-11,31,203,51,2020-05-24
"Mexico","MCMA","MCMA","México","ZMVM","ZMVM","Deaths","Muertes",21942666,2020-04-12,23,226,52,2020-05-24
"Mexico","MCMA","MCMA","México","ZMVM","ZMVM","Deaths","Muertes",21942666,2020-04-13,26,252,53,2020-05-24
"Mexico","MCMA","MCMA","México","ZMVM","ZMVM","Deaths","Muertes",21942666,2020-04-14,34,286,54,2020-05-24
"Mexico","MCMA","MCMA","México","ZMVM","ZMVM","Deaths","Muertes",21942666,2020-04-15,37,323,55,2020-05-24
"Mexico","MCMA","MCMA","México","ZMVM","ZMVM","Deaths","Muertes",21942666,2020-04-16,36,359,56,2020-05-24
"Mexico","MCMA","MCMA","México","ZMVM","ZMVM","Deaths","Muertes",21942666,2020-04-17,31,390,57,2020-05-24
"Mexico","MCMA","MCMA","México","ZMVM","ZMVM","Deaths","Muertes",21942666,2020-04-18,37,427,58,2020-05-24
"Mexico","MCMA","MCMA","México","ZMVM","ZMVM","Deaths","Muertes",21942666,2020-04-19,45,472,59,2020-05-24
"Mexico","MCMA","MCMA","México","ZMVM","ZMVM","Deaths","Muertes",21942666,2020-04-20,45,517,60,2020-05-24
"Mexico","MCMA","MCMA","México","ZMVM","ZMVM","Deaths","Muertes",21942666,2020-04-21,57,574,61,2020-05-24
"Mexico","MCMA","MCMA","México","ZMVM","ZMVM","Deaths","Muertes",21942666,2020-04-22,52,626,62,2020-05-24
"Mexico","MCMA","MCMA","México","ZMVM","ZMVM","Deaths","Muertes",21942666,2020-04-23,48,674,63,2020-05-24
"Mexico","MCMA","MCMA","México","ZMVM","ZMVM","Deaths","Muertes",21942666,2020-04-24,76,750,64,2020-05-24
"Mexico","MCMA","MCMA","México","ZMVM","ZMVM","Deaths","Muertes",21942666,2020-04-25,72,822,65,2020-05-24
"Mexico","MCMA","MCMA","México","ZMVM","ZMVM","Deaths","Muertes",21942666,2020-04-26,92,914,66,2020-05-24
"Mexico","MCMA","MCMA","México","ZMVM","ZMVM","Deaths","Muertes",21942666,2020-04-27,69,983,67,2020-05-24
"Mexico","MCMA","MCMA","México","ZMVM","ZMVM","Deaths","Muertes",21942666,2020-04-28,62,1045,68,2020-05-24
"Mexico","MCMA","MCMA","México","ZMVM","ZMVM","Deaths","Muertes",21942666,2020-04-29,77,1122,69,2020-05-24
"Mexico","MCMA","MCMA","México","ZMVM","ZMVM","Deaths","Muertes",21942666,2020-04-30,88,1210,70,2020-05-24
"Mexico","MCMA","MCMA","México","ZMVM","ZMVM","Deaths","Muertes",21942666,2020-05-01,89,1299,71,2020-05-24
"Mexico","MCMA","MCMA","México","ZMVM","ZMVM","Deaths","Muertes",21942666,2020-05-02,74,1373,72,2020-05-24
"Mexico","MCMA","MCMA","México","ZMVM","ZMVM","Deaths","Muertes",21942666,2020-05-03,82,1455,73,2020-05-24
"Mexico","MCMA","MCMA","México","ZMVM","ZMVM","Deaths","Muertes",21942666,2020-05-04,82,1537,74,2020-05-24
"Mexico","MCMA","MCMA","México","ZMVM","ZMVM","Deaths","Muertes",21942666,2020-05-05,83,1620,75,2020-05-24
"Mexico","MCMA","MCMA","México","ZMVM","ZMVM","Deaths","Muertes",21942666,2020-05-06,83,1703,76,2020-05-24
"Mexico","MCMA","MCMA","México","ZMVM","ZMVM","Deaths","Muertes",21942666,2020-05-07,71,1774,77,2020-05-24
"Mexico","MCMA","MCMA","México","ZMVM","ZMVM","Deaths","Muertes",21942666,2020-05-08,71,1845,78,2020-05-24
"Mexico","MCMA","MCMA","México","ZMVM","ZMVM","Deaths","Muertes",21942666,2020-05-09,64,1909,79,2020-05-24
"Mexico","MCMA","MCMA","México","ZMVM","ZMVM","Deaths","Muertes",21942666,2020-05-10,82,1991,80,2020-05-24
"Mexico","MCMA","MCMA","México","ZMVM","ZMVM","Deaths","Muertes",21942666,2020-05-11,74,2065,81,2020-05-24
"Mexico","MCMA","MCMA","México","ZMVM","ZMVM","Deaths","Muertes",21942666,2020-05-12,64,2129,82,2020-05-24
"Mexico","MCMA","MCMA","México","ZMVM","ZMVM","Deaths","Muertes",21942666,2020-05-13,81,2210,83,2020-05-24
"Mexico","MCMA","MCMA","México","ZMVM","ZMVM","Deaths","Muertes",21942666,2020-05-14,82,2292,84,2020-05-24
"Mexico","MCMA","MCMA","México","ZMVM","ZMVM","Deaths","Muertes",21942666,2020-05-15,74,2366,85,2020-05-24
"Mexico","MCMA","MCMA","México","ZMVM","ZMVM","Deaths","Muertes",21942666,2020-05-16,69,2435,86,2020-05-24
"Mexico","MCMA","MCMA","México","ZMVM","ZMVM","Deaths","Muertes",21942666,2020-05-17,58,2493,87,2020-05-24
"Mexico","MCMA","MCMA","México","ZMVM","ZMVM","Deaths","Muertes",21942666,2020-05-18,65,2558,88,2020-05-24
"Mexico","MCMA","MCMA","México","ZMVM","ZMVM","Deaths","Muertes",21942666,2020-05-19,64,2622,89,2020-05-24
"Mexico","MCMA","MCMA","México","ZMVM","ZMVM","Deaths","Muertes",21942666,2020-05-20,41,2663,90,2020-05-24
"Mexico","MCMA","MCMA","México","ZMVM","ZMVM","Deaths","Muertes",21942666,2020-05-21,39,2702,91,2020-05-24
"Mexico","MCMA","MCMA","México","ZMVM","ZMVM","Deaths","Muertes",21942666,2020-05-22,10,2712,92,2020-05-24
"Mexico","MCMA","MCMA","México","ZMVM","ZMVM","Deaths","Muertes",21942666,2020-05-23,1,2713,93,2020-05-24
"Mexico","MCMA","MCMA","México","ZMVM","ZMVM","Tests","Pruebas",21942666,2020-01-02,11,11,0,2020-05-24
"Mexico","MCMA","MCMA","México","ZMVM","ZMVM","Tests","Pruebas",21942666,2020-01-03,6,17,1,2020-05-24
"Mexico","MCMA","MCMA","México","ZMVM","ZMVM","Tests","Pruebas",21942666,2020-01-04,2,19,2,2020-05-24
"Mexico","MCMA","MCMA","México","ZMVM","ZMVM","Tests","Pruebas",21942666,2020-01-05,5,24,3,2020-05-24
"Mexico","MCMA","MCMA","México","ZMVM","ZMVM","Tests","Pruebas",21942666,2020-01-06,12,36,4,2020-05-24
"Mexico","MCMA","MCMA","México","ZMVM","ZMVM","Tests","Pruebas",21942666,2020-01-07,8,44,5,2020-05-24
"Mexico","MCMA","MCMA","México","ZMVM","ZMVM","Tests","Pruebas",21942666,2020-01-08,5,49,6,2020-05-24
"Mexico","MCMA","MCMA","México","ZMVM","ZMVM","Tests","Pruebas",21942666,2020-01-09,18,67,7,2020-05-24
"Mexico","MCMA","MCMA","México","ZMVM","ZMVM","Tests","Pruebas",21942666,2020-01-10,19,86,8,2020-05-24
"Mexico","MCMA","MCMA","México","ZMVM","ZMVM","Tests","Pruebas",21942666,2020-01-11,1,87,9,2020-05-24
"Mexico","MCMA","MCMA","México","ZMVM","ZMVM","Tests","Pruebas",21942666,2020-01-12,4,91,10,2020-05-24
"Mexico","MCMA","MCMA","México","ZMVM","ZMVM","Tests","Pruebas",21942666,2020-01-13,11,102,11,2020-05-24
"Mexico","MCMA","MCMA","México","ZMVM","ZMVM","Tests","Pruebas",21942666,2020-01-14,20,122,12,2020-05-24
"Mexico","MCMA","MCMA","México","ZMVM","ZMVM","Tests","Pruebas",21942666,2020-01-15,12,134,13,2020-05-24
"Mexico","MCMA","MCMA","México","ZMVM","ZMVM","Tests","Pruebas",21942666,2020-01-16,10,144,14,2020-05-24
"Mexico","MCMA","MCMA","México","ZMVM","ZMVM","Tests","Pruebas",21942666,2020-01-17,12,156,15,2020-05-24
"Mexico","MCMA","MCMA","México","ZMVM","ZMVM","Tests","Pruebas",21942666,2020-01-18,2,158,16,2020-05-24
"Mexico","MCMA","MCMA","México","ZMVM","ZMVM","Tests","Pruebas",21942666,2020-01-19,7,165,17,2020-05-24
"Mexico","MCMA","MCMA","México","ZMVM","ZMVM","Tests","Pruebas",21942666,2020-01-20,18,183,18,2020-05-24
"Mexico","MCMA","MCMA","México","ZMVM","ZMVM","Tests","Pruebas",21942666,2020-01-21,14,197,19,2020-05-24
"Mexico","MCMA","MCMA","México","ZMVM","ZMVM","Tests","Pruebas",21942666,2020-01-22,15,212,20,2020-05-24
"Mexico","MCMA","MCMA","México","ZMVM","ZMVM","Tests","Pruebas",21942666,2020-01-23,11,223,21,2020-05-24
"Mexico","MCMA","MCMA","México","ZMVM","ZMVM","Tests","Pruebas",21942666,2020-01-24,13,236,22,2020-05-24
"Mexico","MCMA","MCMA","México","ZMVM","ZMVM","Tests","Pruebas",21942666,2020-01-25,2,238,23,2020-05-24
"Mexico","MCMA","MCMA","México","ZMVM","ZMVM","Tests","Pruebas",21942666,2020-01-26,16,254,24,2020-05-24
"Mexico","MCMA","MCMA","México","ZMVM","ZMVM","Tests","Pruebas",21942666,2020-01-27,8,262,25,2020-05-24
"Mexico","MCMA","MCMA","México","ZMVM","ZMVM","Tests","Pruebas",21942666,2020-01-28,11,273,26,2020-05-24
"Mexico","MCMA","MCMA","México","ZMVM","ZMVM","Tests","Pruebas",21942666,2020-01-29,4,277,27,2020-05-24
"Mexico","MCMA","MCMA","México","ZMVM","ZMVM","Tests","Pruebas",21942666,2020-01-30,7,284,28,2020-05-24
"Mexico","MCMA","MCMA","México","ZMVM","ZMVM","Tests","Pruebas",21942666,2020-01-31,5,289,29,2020-05-24
"Mexico","MCMA","MCMA","México","ZMVM","ZMVM","Tests","Pruebas",21942666,2020-02-01,0,289,30,2020-05-24
"Mexico","MCMA","MCMA","México","ZMVM","ZMVM","Tests","Pruebas",21942666,2020-02-02,1,290,31,2020-05-24
"Mexico","MCMA","MCMA","México","ZMVM","ZMVM","Tests","Pruebas",21942666,2020-02-03,0,290,32,2020-05-24
"Mexico","MCMA","MCMA","México","ZMVM","ZMVM","Tests","Pruebas",21942666,2020-02-04,15,305,33,2020-05-24
"Mexico","MCMA","MCMA","México","ZMVM","ZMVM","Tests","Pruebas",21942666,2020-02-05,14,319,34,2020-05-24
"Mexico","MCMA","MCMA","México","ZMVM","ZMVM","Tests","Pruebas",21942666,2020-02-06,4,323,35,2020-05-24
"Mexico","MCMA","MCMA","México","ZMVM","ZMVM","Tests","Pruebas",21942666,2020-02-07,7,330,36,2020-05-24
"Mexico","MCMA","MCMA","México","ZMVM","ZMVM","Tests","Pruebas",21942666,2020-02-08,1,331,37,2020-05-24
"Mexico","MCMA","MCMA","México","ZMVM","ZMVM","Tests","Pruebas",21942666,2020-02-09,5,336,38,2020-05-24
"Mexico","MCMA","MCMA","México","ZMVM","ZMVM","Tests","Pruebas",21942666,2020-02-10,18,354,39,2020-05-24
"Mexico","MCMA","MCMA","México","ZMVM","ZMVM","Tests","Pruebas",21942666,2020-02-11,10,364,40,2020-05-24
"Mexico","MCMA","MCMA","México","ZMVM","ZMVM","Tests","Pruebas",21942666,2020-02-12,5,369,41,2020-05-24
"Mexico","MCMA","MCMA","México","ZMVM","ZMVM","Tests","Pruebas",21942666,2020-02-13,6,375,42,2020-05-24
"Mexico","MCMA","MCMA","México","ZMVM","ZMVM","Tests","Pruebas",21942666,2020-02-14,7,382,43,2020-05-24
"Mexico","MCMA","MCMA","México","ZMVM","ZMVM","Tests","Pruebas",21942666,2020-02-15,2,384,44,2020-05-24
"Mexico","MCMA","MCMA","México","ZMVM","ZMVM","Tests","Pruebas",21942666,2020-02-16,1,385,45,2020-05-24
"Mexico","MCMA","MCMA","México","ZMVM","ZMVM","Tests","Pruebas",21942666,2020-02-17,3,388,46,2020-05-24
"Mexico","MCMA","MCMA","México","ZMVM","ZMVM","Tests","Pruebas",21942666,2020-02-18,3,391,47,2020-05-24
"Mexico","MCMA","MCMA","México","ZMVM","ZMVM","Tests","Pruebas",21942666,2020-02-19,3,394,48,2020-05-24
"Mexico","MCMA","MCMA","México","ZMVM","ZMVM","Tests","Pruebas",21942666,2020-02-20,2,396,49,2020-05-24
"Mexico","MCMA","MCMA","México","ZMVM","ZMVM","Tests","Pruebas",21942666,2020-02-21,6,402,50,2020-05-24
"Mexico","MCMA","MCMA","México","ZMVM","ZMVM","Tests","Pruebas",21942666,2020-02-22,2,404,51,2020-05-24
"Mexico","MCMA","MCMA","México","ZMVM","ZMVM","Tests","Pruebas",21942666,2020-02-23,2,406,52,2020-05-24
"Mexico","MCMA","MCMA","México","ZMVM","ZMVM","Tests","Pruebas",21942666,2020-02-24,9,415,53,2020-05-24
"Mexico","MCMA","MCMA","México","ZMVM","ZMVM","Tests","Pruebas",21942666,2020-02-25,8,423,54,2020-05-24
"Mexico","MCMA","MCMA","México","ZMVM","ZMVM","Tests","Pruebas",21942666,2020-02-26,11,434,55,2020-05-24
"Mexico","MCMA","MCMA","México","ZMVM","ZMVM","Tests","Pruebas",21942666,2020-02-27,17,451,56,2020-05-24
"Mexico","MCMA","MCMA","México","ZMVM","ZMVM","Tests","Pruebas",21942666,2020-02-28,17,468,57,2020-05-24
"Mexico","MCMA","MCMA","México","ZMVM","ZMVM","Tests","Pruebas",21942666,2020-02-29,5,473,58,2020-05-24
"Mexico","MCMA","MCMA","México","ZMVM","ZMVM","Tests","Pruebas",21942666,2020-03-01,5,478,59,2020-05-24
"Mexico","MCMA","MCMA","México","ZMVM","ZMVM","Tests","Pruebas",21942666,2020-03-02,31,509,60,2020-05-24
"Mexico","MCMA","MCMA","México","ZMVM","ZMVM","Tests","Pruebas",21942666,2020-03-03,14,523,61,2020-05-24
"Mexico","MCMA","MCMA","México","ZMVM","ZMVM","Tests","Pruebas",21942666,2020-03-04,23,546,62,2020-05-24
"Mexico","MCMA","MCMA","México","ZMVM","ZMVM","Tests","Pruebas",21942666,2020-03-05,21,567,63,2020-05-24
"Mexico","MCMA","MCMA","México","ZMVM","ZMVM","Tests","Pruebas",21942666,2020-03-06,20,587,64,2020-05-24
"Mexico","MCMA","MCMA","México","ZMVM","ZMVM","Tests","Pruebas",21942666,2020-03-07,8,595,65,2020-05-24
"Mexico","MCMA","MCMA","México","ZMVM","ZMVM","Tests","Pruebas",21942666,2020-03-08,15,610,66,2020-05-24
"Mexico","MCMA","MCMA","México","ZMVM","ZMVM","Tests","Pruebas",21942666,2020-03-09,28,638,67,2020-05-24
"Mexico","MCMA","MCMA","México","ZMVM","ZMVM","Tests","Pruebas",21942666,2020-03-10,40,678,68,2020-05-24
"Mexico","MCMA","MCMA","México","ZMVM","ZMVM","Tests","Pruebas",21942666,2020-03-11,55,733,69,2020-05-24
"Mexico","MCMA","MCMA","México","ZMVM","ZMVM","Tests","Pruebas",21942666,2020-03-12,82,815,70,2020-05-24
"Mexico","MCMA","MCMA","México","ZMVM","ZMVM","Tests","Pruebas",21942666,2020-03-13,105,920,71,2020-05-24
"Mexico","MCMA","MCMA","México","ZMVM","ZMVM","Tests","Pruebas",21942666,2020-03-14,75,995,72,2020-05-24
"Mexico","MCMA","MCMA","México","ZMVM","ZMVM","Tests","Pruebas",21942666,2020-03-15,55,1050,73,2020-05-24
"Mexico","MCMA","MCMA","México","ZMVM","ZMVM","Tests","Pruebas",21942666,2020-03-16,95,1145,74,2020-05-24
"Mexico","MCMA","MCMA","México","ZMVM","ZMVM","Tests","Pruebas",21942666,2020-03-17,150,1295,75,2020-05-24
"Mexico","MCMA","MCMA","México","ZMVM","ZMVM","Tests","Pruebas",21942666,2020-03-18,141,1436,76,2020-05-24
"Mexico","MCMA","MCMA","México","ZMVM","ZMVM","Tests","Pruebas",21942666,2020-03-19,179,1615,77,2020-05-24
"Mexico","MCMA","MCMA","México","ZMVM","ZMVM","Tests","Pruebas",21942666,2020-03-20,134,1749,78,2020-05-24
"Mexico","MCMA","MCMA","México","ZMVM","ZMVM","Tests","Pruebas",21942666,2020-03-21,71,1820,79,2020-05-24
"Mexico","MCMA","MCMA","México","ZMVM","ZMVM","Tests","Pruebas",21942666,2020-03-22,42,1862,80,2020-05-24
"Mexico","MCMA","MCMA","México","ZMVM","ZMVM","Tests","Pruebas",21942666,2020-03-23,152,2014,81,2020-05-24
"Mexico","MCMA","MCMA","México","ZMVM","ZMVM","Tests","Pruebas",21942666,2020-03-24,257,2271,82,2020-05-24
"Mexico","MCMA","MCMA","México","ZMVM","ZMVM","Tests","Pruebas",21942666,2020-03-25,255,2526,83,2020-05-24
"Mexico","MCMA","MCMA","México","ZMVM","ZMVM","Tests","Pruebas",21942666,2020-03-26,264,2790,84,2020-05-24
"Mexico","MCMA","MCMA","México","ZMVM","ZMVM","Tests","Pruebas",21942666,2020-03-27,368,3158,85,2020-05-24
"Mexico","MCMA","MCMA","México","ZMVM","ZMVM","Tests","Pruebas",21942666,2020-03-28,187,3345,86,2020-05-24
"Mexico","MCMA","MCMA","México","ZMVM","ZMVM","Tests","Pruebas",21942666,2020-03-29,172,3517,87,2020-05-24
"Mexico","MCMA","MCMA","México","ZMVM","ZMVM","Tests","Pruebas",21942666,2020-03-30,386,3903,88,2020-05-24
"Mexico","MCMA","MCMA","México","ZMVM","ZMVM","Tests","Pruebas",21942666,2020-03-31,311,4214,89,2020-05-24
"Mexico","MCMA","MCMA","México","ZMVM","ZMVM","Tests","Pruebas",21942666,2020-04-01,347,4561,90,2020-05-24
"Mexico","MCMA","MCMA","México","ZMVM","ZMVM","Tests","Pruebas",21942666,2020-04-02,427,4988,91,2020-05-24
"Mexico","MCMA","MCMA","México","ZMVM","ZMVM","Tests","Pruebas",21942666,2020-04-03,501,5489,92,2020-05-24
"Mexico","MCMA","MCMA","México","ZMVM","ZMVM","Tests","Pruebas",21942666,2020-04-04,281,5770,93,2020-05-24
"Mexico","MCMA","MCMA","México","ZMVM","ZMVM","Tests","Pruebas",21942666,2020-04-05,197,5967,94,2020-05-24
"Mexico","MCMA","MCMA","México","ZMVM","ZMVM","Tests","Pruebas",21942666,2020-04-06,531,6498,95,2020-05-24
"Mexico","MCMA","MCMA","México","ZMVM","ZMVM","Tests","Pruebas",21942666,2020-04-07,665,7163,96,2020-05-24
"Mexico","MCMA","MCMA","México","ZMVM","ZMVM","Tests","Pruebas",21942666,2020-04-08,746,7909,97,2020-05-24
"Mexico","MCMA","MCMA","México","ZMVM","ZMVM","Tests","Pruebas",21942666,2020-04-09,551,8460,98,2020-05-24
"Mexico","MCMA","MCMA","México","ZMVM","ZMVM","Tests","Pruebas",21942666,2020-04-10,652,9112,99,2020-05-24
"Mexico","MCMA","MCMA","México","ZMVM","ZMVM","Tests","Pruebas",21942666,2020-04-11,360,9472,100,2020-05-24
"Mexico","MCMA","MCMA","México","ZMVM","ZMVM","Tests","Pruebas",21942666,2020-04-12,341,9813,101,2020-05-24
"Mexico","MCMA","MCMA","México","ZMVM","ZMVM","Tests","Pruebas",21942666,2020-04-13,998,10811,102,2020-05-24
"Mexico","MCMA","MCMA","México","ZMVM","ZMVM","Tests","Pruebas",21942666,2020-04-14,1034,11845,103,2020-05-24
"Mexico","MCMA","MCMA","México","ZMVM","ZMVM","Tests","Pruebas",21942666,2020-04-15,945,12790,104,2020-05-24
"Mexico","MCMA","MCMA","México","ZMVM","ZMVM","Tests","Pruebas",21942666,2020-04-16,954,13744,105,2020-05-24
"Mexico","MCMA","MCMA","México","ZMVM","ZMVM","Tests","Pruebas",21942666,2020-04-17,1135,14879,106,2020-05-24
"Mexico","MCMA","MCMA","México","ZMVM","ZMVM","Tests","Pruebas",21942666,2020-04-18,530,15409,107,2020-05-24
"Mexico","MCMA","MCMA","México","ZMVM","ZMVM","Tests","Pruebas",21942666,2020-04-19,539,15948,108,2020-05-24
"Mexico","MCMA","MCMA","México","ZMVM","ZMVM","Tests","Pruebas",21942666,2020-04-20,1314,17262,109,2020-05-24
"Mexico","MCMA","MCMA","México","ZMVM","ZMVM","Tests","Pruebas",21942666,2020-04-21,1293,18555,110,2020-05-24
"Mexico","MCMA","MCMA","México","ZMVM","ZMVM","Tests","Pruebas",21942666,2020-04-22,1246,19801,111,2020-05-24
"Mexico","MCMA","MCMA","México","ZMVM","ZMVM","Tests","Pruebas",21942666,2020-04-23,1113,20914,112,2020-05-24
"Mexico","MCMA","MCMA","México","ZMVM","ZMVM","Tests","Pruebas",21942666,2020-04-24,1475,22389,113,2020-05-24
"Mexico","MCMA","MCMA","México","ZMVM","ZMVM","Tests","Pruebas",21942666,2020-04-25,695,23084,114,2020-05-24
"Mexico","MCMA","MCMA","México","ZMVM","ZMVM","Tests","Pruebas",21942666,2020-04-26,640,23724,115,2020-05-24
"Mexico","MCMA","MCMA","México","ZMVM","ZMVM","Tests","Pruebas",21942666,2020-04-27,1528,25252,116,2020-05-24
"Mexico","MCMA","MCMA","México","ZMVM","ZMVM","Tests","Pruebas",21942666,2020-04-28,1707,26959,117,2020-05-24
"Mexico","MCMA","MCMA","México","ZMVM","ZMVM","Tests","Pruebas",21942666,2020-04-29,1804,28763,118,2020-05-24
"Mexico","MCMA","MCMA","México","ZMVM","ZMVM","Tests","Pruebas",21942666,2020-04-30,2013,30776,119,2020-05-24
"Mexico","MCMA","MCMA","México","ZMVM","ZMVM","Tests","Pruebas",21942666,2020-05-01,1031,31807,120,2020-05-24
"Mexico","MCMA","MCMA","México","ZMVM","ZMVM","Tests","Pruebas",21942666,2020-05-02,958,32765,121,2020-05-24
"Mexico","MCMA","MCMA","México","ZMVM","ZMVM","Tests","Pruebas",21942666,2020-05-03,958,33723,122,2020-05-24
"Mexico","MCMA","MCMA","México","ZMVM","ZMVM","Tests","Pruebas",21942666,2020-05-04,2374,36097,123,2020-05-24
"Mexico","MCMA","MCMA","México","ZMVM","ZMVM","Tests","Pruebas",21942666,2020-05-05,1909,38006,124,2020-05-24
"Mexico","MCMA","MCMA","México","ZMVM","ZMVM","Tests","Pruebas",21942666,2020-05-06,2437,40443,125,2020-05-24
"Mexico","MCMA","MCMA","México","ZMVM","ZMVM","Tests","Pruebas",21942666,2020-05-07,2230,42673,126,2020-05-24
"Mexico","MCMA","MCMA","México","ZMVM","ZMVM","Tests","Pruebas",21942666,2020-05-08,2598,45271,127,2020-05-24
"Mexico","MCMA","MCMA","México","ZMVM","ZMVM","Tests","Pruebas",21942666,2020-05-09,1137,46408,128,2020-05-24
"Mexico","MCMA","MCMA","México","ZMVM","ZMVM","Tests","Pruebas",21942666,2020-05-10,867,47275,129,2020-05-24
"Mexico","MCMA","MCMA","México","ZMVM","ZMVM","Tests","Pruebas",21942666,2020-05-11,2505,49780,130,2020-05-24
"Mexico","MCMA","MCMA","México","ZMVM","ZMVM","Tests","Pruebas",21942666,2020-05-12,2480,52260,131,2020-05-24
"Mexico","MCMA","MCMA","México","ZMVM","ZMVM","Tests","Pruebas",21942666,2020-05-13,2477,54737,132,2020-05-24
"Mexico","MCMA","MCMA","México","ZMVM","ZMVM","Tests","Pruebas",21942666,2020-05-14,2383,57120,133,2020-05-24
"Mexico","MCMA","MCMA","México","ZMVM","ZMVM","Tests","Pruebas",21942666,2020-05-15,2471,59591,134,2020-05-24
"Mexico","MCMA","MCMA","México","ZMVM","ZMVM","Tests","Pruebas",21942666,2020-05-16,1202,60793,135,2020-05-24
"Mexico","MCMA","MCMA","México","ZMVM","ZMVM","Tests","Pruebas",21942666,2020-05-17,871,61664,136,2020-05-24
"Mexico","MCMA","MCMA","México","ZMVM","ZMVM","Tests","Pruebas",21942666,2020-05-18,2673,64337,137,2020-05-24
"Mexico","MCMA","MCMA","México","ZMVM","ZMVM","Tests","Pruebas",21942666,2020-05-19,2474,66811,138,2020-05-24
"Mexico","MCMA","MCMA","México","ZMVM","ZMVM","Tests","Pruebas",21942666,2020-05-20,2658,69469,139,2020-05-24
"Mexico","MCMA","MCMA","México","ZMVM","ZMVM","Tests","Pruebas",21942666,2020-05-21,2458,71927,140,2020-05-24
"Mexico","MCMA","MCMA","México","ZMVM","ZMVM","Tests","Pruebas",21942666,2020-05-22,2310,74237,141,2020-05-24
"Mexico","MCMA","MCMA","México","ZMVM","ZMVM","Tests","Pruebas",21942666,2020-05-23,709,74946,142,2020-05-24
"Mexico","MCMA","MCMA","México","ZMVM","ZMVM","Tests","Pruebas",21942666,2020-05-24,244,75190,143,2020-05-24
